customer_id,channel,cost,conversion_rate,revenue,net_value,customer_segment
1,referral,8.320326732170223,0.1231449787166301,4199,4190.68,High Value
2,paid advertising,30.450327213520207,0.0163414915688768,3410,3379.55,Medium Value
3,email marketing,5.2462632712450965,0.0438222285949381,3164,3158.754,Medium Value
4,social media,9.546325667652964,0.1675922473559195,1520,1510.454,Low Value
5,referral,8.320326732170223,0.1231449787166301,2419,2410.68,Medium Value
6,paid advertising,30.450327213520207,0.0163414915688768,3856,3825.55,High Value
7,social media,9.546325667652964,0.1675922473559195,1172,1162.454,Low Value
8,email marketing,5.2462632712450965,0.0438222285949381,700,694.754,Low Value
9,social media,9.546325667652964,0.1675922473559195,2137,2127.454,Medium Value
10,social media,9.546325667652964,0.1675922473559195,982,972.454,Low Value
11,email marketing,5.2462632712450965,0.0438222285949381,3003,2997.754,Medium Value
12,referral,8.320326732170223,0.1231449787166301,1455,1446.68,Low Value
13,social media,9.546325667652964,0.1675922473559195,3388,3378.454,Medium Value
14,email marketing,5.2462632712450965,0.0438222285949381,3562,3556.754,Medium Value
15,referral,8.320326732170223,0.1231449787166301,1147,1138.68,Low Value
16,paid advertising,30.450327213520207,0.0163414915688768,1303,1272.55,Low Value
17,referral,8.320326732170223,0.1231449787166301,1456,1447.68,Low Value
18,paid advertising,30.450327213520207,0.0163414915688768,4549,4518.55,High Value
19,social media,9.546325667652964,0.1675922473559195,2054,2044.454,Medium Value
20,referral,8.320326732170223,0.1231449787166301,4439,4430.68,High Value
21,paid advertising,30.450327213520207,0.0163414915688768,1976,1945.55,Medium Value
22,email marketing,5.2462632712450965,0.0438222285949381,4004,3998.754,High Value
23,social media,9.546325667652964,0.1675922473559195,2010,2000.454,Medium Value
24,email marketing,5.2462632712450965,0.0438222285949381,3932,3926.754,High Value
25,email marketing,5.2462632712450965,0.0438222285949381,1885,1879.754,Medium Value
26,paid advertising,30.450327213520207,0.0163414915688768,4455,4424.55,High Value
27,email marketing,5.2462632712450965,0.0438222285949381,4681,4675.754,High Value
28,social media,9.546325667652964,0.1675922473559195,1867,1857.454,Medium Value
29,email marketing,5.2462632712450965,0.0438222285949381,4342,4336.754,High Value
30,paid advertising,30.450327213520207,0.0163414915688768,1385,1354.55,Low Value
31,referral,8.320326732170223,0.1231449787166301,3239,3230.68,Medium Value
32,social media,9.546325667652964,0.1675922473559195,1459,1449.454,Low Value
33,referral,8.320326732170223,0.1231449787166301,2021,2012.68,Medium Value
34,social media,9.546325667652964,0.1675922473559195,1947,1937.454,Medium Value
35,paid advertising,30.450327213520207,0.0163414915688768,2026,1995.55,Medium Value
36,referral,8.320326732170223,0.1231449787166301,4776,4767.68,High Value
37,social media,9.546325667652964,0.1675922473559195,3836,3826.454,High Value
38,social media,9.546325667652964,0.1675922473559195,3172,3162.454,Medium Value
39,paid advertising,30.450327213520207,0.0163414915688768,4846,4815.55,High Value
40,referral,8.320326732170223,0.1231449787166301,3868,3859.68,High Value
41,social media,9.546325667652964,0.1675922473559195,3947,3937.454,High Value
42,social media,9.546325667652964,0.1675922473559195,1118,1108.454,Low Value
43,paid advertising,30.450327213520207,0.0163414915688768,3326,3295.55,Medium Value
44,paid advertising,30.450327213520207,0.0163414915688768,1004,973.55,Low Value
45,paid advertising,30.450327213520207,0.0163414915688768,3596,3565.55,Medium Value
46,social media,9.546325667652964,0.1675922473559195,1052,1042.454,Low Value
47,email marketing,5.2462632712450965,0.0438222285949381,3466,3460.754,Medium Value
48,referral,8.320326732170223,0.1231449787166301,832,823.68,Low Value
49,social media,9.546325667652964,0.1675922473559195,1575,1565.454,Low Value
50,referral,8.320326732170223,0.1231449787166301,571,562.68,Low Value
51,email marketing,5.2462632712450965,0.0438222285949381,1962,1956.754,Medium Value
52,paid advertising,30.450327213520207,0.0163414915688768,2573,2542.55,Medium Value
53,referral,8.320326732170223,0.1231449787166301,3603,3594.68,Medium Value
54,referral,8.320326732170223,0.1231449787166301,2390,2381.68,Medium Value
55,paid advertising,30.450327213520207,0.0163414915688768,2949,2918.55,Medium Value
56,paid advertising,30.450327213520207,0.0163414915688768,719,688.55,Low Value
57,email marketing,5.2462632712450965,0.0438222285949381,2754,2748.754,Medium Value
58,paid advertising,30.450327213520207,0.0163414915688768,674,643.55,Low Value
59,referral,8.320326732170223,0.1231449787166301,868,859.68,Low Value
60,paid advertising,30.450327213520207,0.0163414915688768,1806,1775.55,Medium Value
61,email marketing,5.2462632712450965,0.0438222285949381,3472,3466.754,Medium Value
62,social media,9.546325667652964,0.1675922473559195,792,782.454,Low Value
63,email marketing,5.2462632712450965,0.0438222285949381,3890,3884.754,High Value
64,social media,9.546325667652964,0.1675922473559195,4131,4121.454,High Value
65,paid advertising,30.450327213520207,0.0163414915688768,4210,4179.55,High Value
66,social media,9.546325667652964,0.1675922473559195,1568,1558.454,Low Value
67,paid advertising,30.450327213520207,0.0163414915688768,2529,2498.55,Medium Value
68,referral,8.320326732170223,0.1231449787166301,2376,2367.68,Medium Value
69,email marketing,5.2462632712450965,0.0438222285949381,2952,2946.754,Medium Value
70,social media,9.546325667652964,0.1675922473559195,4833,4823.454,High Value
71,paid advertising,30.450327213520207,0.0163414915688768,2237,2206.55,Medium Value
72,referral,8.320326732170223,0.1231449787166301,1361,1352.68,Low Value
73,paid advertising,30.450327213520207,0.0163414915688768,2807,2776.55,Medium Value
74,paid advertising,30.450327213520207,0.0163414915688768,2620,2589.55,Medium Value
75,referral,8.320326732170223,0.1231449787166301,3525,3516.68,Medium Value
76,paid advertising,30.450327213520207,0.0163414915688768,3112,3081.55,Medium Value
77,email marketing,5.2462632712450965,0.0438222285949381,1736,1730.754,Medium Value
78,social media,9.546325667652964,0.1675922473559195,1812,1802.454,Medium Value
79,paid advertising,30.450327213520207,0.0163414915688768,4540,4509.55,High Value
80,email marketing,5.2462632712450965,0.0438222285949381,4586,4580.754,High Value
81,social media,9.546325667652964,0.1675922473559195,800,790.454,Low Value
82,email marketing,5.2462632712450965,0.0438222285949381,2741,2735.754,Medium Value
83,email marketing,5.2462632712450965,0.0438222285949381,711,705.754,Low Value
84,paid advertising,30.450327213520207,0.0163414915688768,3308,3277.55,Medium Value
85,paid advertising,30.450327213520207,0.0163414915688768,4312,4281.55,High Value
86,email marketing,5.2462632712450965,0.0438222285949381,3280,3274.754,Medium Value
87,social media,9.546325667652964,0.1675922473559195,3469,3459.454,Medium Value
88,social media,9.546325667652964,0.1675922473559195,1487,1477.454,Low Value
89,paid advertising,30.450327213520207,0.0163414915688768,1771,1740.55,Medium Value
90,paid advertising,30.450327213520207,0.0163414915688768,1364,1333.55,Low Value
91,email marketing,5.2462632712450965,0.0438222285949381,4302,4296.754,High Value
92,email marketing,5.2462632712450965,0.0438222285949381,1874,1868.754,Medium Value
93,referral,8.320326732170223,0.1231449787166301,3453,3444.68,Medium Value
94,email marketing,5.2462632712450965,0.0438222285949381,2933,2927.754,Medium Value
95,social media,9.546325667652964,0.1675922473559195,2987,2977.454,Medium Value
96,referral,8.320326732170223,0.1231449787166301,3642,3633.68,Medium Value
97,social media,9.546325667652964,0.1675922473559195,845,835.454,Low Value
98,paid advertising,30.450327213520207,0.0163414915688768,3809,3778.55,Medium Value
99,email marketing,5.2462632712450965,0.0438222285949381,4947,4941.754,High Value
100,email marketing,5.2462632712450965,0.0438222285949381,4539,4533.754,High Value
101,social media,9.546325667652964,0.1675922473559195,1929,1919.454,Medium Value
102,social media,9.546325667652964,0.1675922473559195,1174,1164.454,Low Value
103,email marketing,5.2462632712450965,0.0438222285949381,2574,2568.754,Medium Value
104,social media,9.546325667652964,0.1675922473559195,1499,1489.454,Low Value
105,social media,9.546325667652964,0.1675922473559195,4420,4410.454,High Value
106,social media,9.546325667652964,0.1675922473559195,1411,1401.454,Low Value
107,email marketing,5.2462632712450965,0.0438222285949381,3338,3332.754,Medium Value
108,paid advertising,30.450327213520207,0.0163414915688768,1681,1650.55,Low Value
109,email marketing,5.2462632712450965,0.0438222285949381,3326,3320.754,Medium Value
110,referral,8.320326732170223,0.1231449787166301,558,549.68,Low Value
111,referral,8.320326732170223,0.1231449787166301,3953,3944.68,High Value
112,referral,8.320326732170223,0.1231449787166301,3642,3633.68,Medium Value
113,email marketing,5.2462632712450965,0.0438222285949381,1694,1688.754,Medium Value
114,referral,8.320326732170223,0.1231449787166301,3115,3106.68,Medium Value
115,paid advertising,30.450327213520207,0.0163414915688768,4560,4529.55,High Value
116,email marketing,5.2462632712450965,0.0438222285949381,3442,3436.754,Medium Value
117,social media,9.546325667652964,0.1675922473559195,4340,4330.454,High Value
118,referral,8.320326732170223,0.1231449787166301,1919,1910.68,Medium Value
119,paid advertising,30.450327213520207,0.0163414915688768,2695,2664.55,Medium Value
120,paid advertising,30.450327213520207,0.0163414915688768,4134,4103.55,High Value
121,paid advertising,30.450327213520207,0.0163414915688768,3951,3920.55,High Value
122,email marketing,5.2462632712450965,0.0438222285949381,3474,3468.754,Medium Value
123,email marketing,5.2462632712450965,0.0438222285949381,730,724.754,Low Value
124,referral,8.320326732170223,0.1231449787166301,3376,3367.68,Medium Value
125,email marketing,5.2462632712450965,0.0438222285949381,1067,1061.754,Low Value
126,email marketing,5.2462632712450965,0.0438222285949381,2723,2717.754,Medium Value
127,email marketing,5.2462632712450965,0.0438222285949381,1272,1266.754,Low Value
128,paid advertising,30.450327213520207,0.0163414915688768,2800,2769.55,Medium Value
129,paid advertising,30.450327213520207,0.0163414915688768,2389,2358.55,Medium Value
130,email marketing,5.2462632712450965,0.0438222285949381,1988,1982.754,Medium Value
131,paid advertising,30.450327213520207,0.0163414915688768,912,881.55,Low Value
132,social media,9.546325667652964,0.1675922473559195,3149,3139.454,Medium Value
133,email marketing,5.2462632712450965,0.0438222285949381,2624,2618.754,Medium Value
134,referral,8.320326732170223,0.1231449787166301,1429,1420.68,Low Value
135,referral,8.320326732170223,0.1231449787166301,4615,4606.68,High Value
136,social media,9.546325667652964,0.1675922473559195,1809,1799.454,Medium Value
137,email marketing,5.2462632712450965,0.0438222285949381,1528,1522.754,Low Value
138,email marketing,5.2462632712450965,0.0438222285949381,2486,2480.754,Medium Value
139,paid advertising,30.450327213520207,0.0163414915688768,4854,4823.55,High Value
140,paid advertising,30.450327213520207,0.0163414915688768,1722,1691.55,Medium Value
141,referral,8.320326732170223,0.1231449787166301,4756,4747.68,High Value
142,email marketing,5.2462632712450965,0.0438222285949381,755,749.754,Low Value
143,social media,9.546325667652964,0.1675922473559195,3066,3056.454,Medium Value
144,paid advertising,30.450327213520207,0.0163414915688768,2357,2326.55,Medium Value
145,email marketing,5.2462632712450965,0.0438222285949381,3522,3516.754,Medium Value
146,social media,9.546325667652964,0.1675922473559195,4301,4291.454,High Value
147,paid advertising,30.450327213520207,0.0163414915688768,3580,3549.55,Medium Value
148,referral,8.320326732170223,0.1231449787166301,1960,1951.68,Medium Value
149,social media,9.546325667652964,0.1675922473559195,1777,1767.454,Medium Value
150,email marketing,5.2462632712450965,0.0438222285949381,2506,2500.754,Medium Value
151,social media,9.546325667652964,0.1675922473559195,4043,4033.454,High Value
152,social media,9.546325667652964,0.1675922473559195,3966,3956.454,High Value
153,email marketing,5.2462632712450965,0.0438222285949381,1023,1017.754,Low Value
154,email marketing,5.2462632712450965,0.0438222285949381,4727,4721.754,High Value
155,social media,9.546325667652964,0.1675922473559195,4647,4637.454,High Value
156,social media,9.546325667652964,0.1675922473559195,2312,2302.454,Medium Value
157,email marketing,5.2462632712450965,0.0438222285949381,2963,2957.754,Medium Value
158,email marketing,5.2462632712450965,0.0438222285949381,3803,3797.754,Medium Value
159,referral,8.320326732170223,0.1231449787166301,3433,3424.68,Medium Value
160,email marketing,5.2462632712450965,0.0438222285949381,2894,2888.754,Medium Value
161,email marketing,5.2462632712450965,0.0438222285949381,918,912.754,Low Value
162,social media,9.546325667652964,0.1675922473559195,1336,1326.454,Low Value
163,social media,9.546325667652964,0.1675922473559195,2688,2678.454,Medium Value
164,social media,9.546325667652964,0.1675922473559195,2257,2247.454,Medium Value
165,paid advertising,30.450327213520207,0.0163414915688768,3886,3855.55,High Value
166,paid advertising,30.450327213520207,0.0163414915688768,4732,4701.55,High Value
167,email marketing,5.2462632712450965,0.0438222285949381,3309,3303.754,Medium Value
168,paid advertising,30.450327213520207,0.0163414915688768,1268,1237.55,Low Value
169,email marketing,5.2462632712450965,0.0438222285949381,3677,3671.754,Medium Value
170,email marketing,5.2462632712450965,0.0438222285949381,3667,3661.754,Medium Value
171,referral,8.320326732170223,0.1231449787166301,2949,2940.68,Medium Value
172,paid advertising,30.450327213520207,0.0163414915688768,3842,3811.55,High Value
173,referral,8.320326732170223,0.1231449787166301,2357,2348.68,Medium Value
174,referral,8.320326732170223,0.1231449787166301,4365,4356.68,High Value
175,social media,9.546325667652964,0.1675922473559195,4235,4225.454,High Value
176,paid advertising,30.450327213520207,0.0163414915688768,4947,4916.55,High Value
177,email marketing,5.2462632712450965,0.0438222285949381,2906,2900.754,Medium Value
178,social media,9.546325667652964,0.1675922473559195,2823,2813.454,Medium Value
179,paid advertising,30.450327213520207,0.0163414915688768,1249,1218.55,Low Value
180,referral,8.320326732170223,0.1231449787166301,3120,3111.68,Medium Value
181,referral,8.320326732170223,0.1231449787166301,3886,3877.68,High Value
182,paid advertising,30.450327213520207,0.0163414915688768,622,591.55,Low Value
183,social media,9.546325667652964,0.1675922473559195,3902,3892.454,High Value
184,paid advertising,30.450327213520207,0.0163414915688768,1294,1263.55,Low Value
185,paid advertising,30.450327213520207,0.0163414915688768,2615,2584.55,Medium Value
186,social media,9.546325667652964,0.1675922473559195,2715,2705.454,Medium Value
187,referral,8.320326732170223,0.1231449787166301,4674,4665.68,High Value
188,referral,8.320326732170223,0.1231449787166301,3879,3870.68,High Value
189,referral,8.320326732170223,0.1231449787166301,1719,1710.68,Medium Value
190,email marketing,5.2462632712450965,0.0438222285949381,1220,1214.754,Low Value
191,social media,9.546325667652964,0.1675922473559195,3944,3934.454,High Value
192,social media,9.546325667652964,0.1675922473559195,3267,3257.454,Medium Value
193,referral,8.320326732170223,0.1231449787166301,2216,2207.68,Medium Value
194,email marketing,5.2462632712450965,0.0438222285949381,3146,3140.754,Medium Value
195,email marketing,5.2462632712450965,0.0438222285949381,4728,4722.754,High Value
196,paid advertising,30.450327213520207,0.0163414915688768,620,589.55,Low Value
197,referral,8.320326732170223,0.1231449787166301,1838,1829.68,Medium Value
198,social media,9.546325667652964,0.1675922473559195,2723,2713.454,Medium Value
199,email marketing,5.2462632712450965,0.0438222285949381,3180,3174.754,Medium Value
200,paid advertising,30.450327213520207,0.0163414915688768,2692,2661.55,Medium Value
201,social media,9.546325667652964,0.1675922473559195,1638,1628.454,Low Value
202,paid advertising,30.450327213520207,0.0163414915688768,3037,3006.55,Medium Value
203,paid advertising,30.450327213520207,0.0163414915688768,1357,1326.55,Low Value
204,email marketing,5.2462632712450965,0.0438222285949381,2510,2504.754,Medium Value
205,social media,9.546325667652964,0.1675922473559195,3360,3350.454,Medium Value
206,referral,8.320326732170223,0.1231449787166301,1865,1856.68,Medium Value
207,paid advertising,30.450327213520207,0.0163414915688768,1377,1346.55,Low Value
208,referral,8.320326732170223,0.1231449787166301,1275,1266.68,Low Value
209,referral,8.320326732170223,0.1231449787166301,1054,1045.68,Low Value
210,social media,9.546325667652964,0.1675922473559195,4266,4256.454,High Value
211,email marketing,5.2462632712450965,0.0438222285949381,2201,2195.754,Medium Value
212,email marketing,5.2462632712450965,0.0438222285949381,800,794.754,Low Value
213,social media,9.546325667652964,0.1675922473559195,791,781.454,Low Value
214,referral,8.320326732170223,0.1231449787166301,606,597.68,Low Value
215,social media,9.546325667652964,0.1675922473559195,2574,2564.454,Medium Value
216,paid advertising,30.450327213520207,0.0163414915688768,4887,4856.55,High Value
217,paid advertising,30.450327213520207,0.0163414915688768,3593,3562.55,Medium Value
218,social media,9.546325667652964,0.1675922473559195,2979,2969.454,Medium Value
219,referral,8.320326732170223,0.1231449787166301,620,611.68,Low Value
220,email marketing,5.2462632712450965,0.0438222285949381,3602,3596.754,Medium Value
221,referral,8.320326732170223,0.1231449787166301,1711,1702.68,Medium Value
222,referral,8.320326732170223,0.1231449787166301,3062,3053.68,Medium Value
223,email marketing,5.2462632712450965,0.0438222285949381,1760,1754.754,Medium Value
224,email marketing,5.2462632712450965,0.0438222285949381,3550,3544.754,Medium Value
225,social media,9.546325667652964,0.1675922473559195,2224,2214.454,Medium Value
226,referral,8.320326732170223,0.1231449787166301,3306,3297.68,Medium Value
227,referral,8.320326732170223,0.1231449787166301,1121,1112.68,Low Value
228,referral,8.320326732170223,0.1231449787166301,4872,4863.68,High Value
229,social media,9.546325667652964,0.1675922473559195,2457,2447.454,Medium Value
230,paid advertising,30.450327213520207,0.0163414915688768,1361,1330.55,Low Value
231,email marketing,5.2462632712450965,0.0438222285949381,1643,1637.754,Low Value
232,referral,8.320326732170223,0.1231449787166301,3069,3060.68,Medium Value
233,social media,9.546325667652964,0.1675922473559195,2962,2952.454,Medium Value
234,email marketing,5.2462632712450965,0.0438222285949381,4504,4498.754,High Value
235,paid advertising,30.450327213520207,0.0163414915688768,2058,2027.55,Medium Value
236,referral,8.320326732170223,0.1231449787166301,4172,4163.68,High Value
237,social media,9.546325667652964,0.1675922473559195,3105,3095.454,Medium Value
238,referral,8.320326732170223,0.1231449787166301,2980,2971.68,Medium Value
239,social media,9.546325667652964,0.1675922473559195,790,780.454,Low Value
240,referral,8.320326732170223,0.1231449787166301,2213,2204.68,Medium Value
241,referral,8.320326732170223,0.1231449787166301,3270,3261.68,Medium Value
242,email marketing,5.2462632712450965,0.0438222285949381,1644,1638.754,Low Value
243,paid advertising,30.450327213520207,0.0163414915688768,1218,1187.55,Low Value
244,referral,8.320326732170223,0.1231449787166301,4162,4153.68,High Value
245,paid advertising,30.450327213520207,0.0163414915688768,1467,1436.55,Low Value
246,email marketing,5.2462632712450965,0.0438222285949381,2079,2073.754,Medium Value
247,social media,9.546325667652964,0.1675922473559195,3729,3719.454,Medium Value
248,referral,8.320326732170223,0.1231449787166301,4933,4924.68,High Value
249,referral,8.320326732170223,0.1231449787166301,3428,3419.68,Medium Value
250,email marketing,5.2462632712450965,0.0438222285949381,4940,4934.754,High Value
251,paid advertising,30.450327213520207,0.0163414915688768,1303,1272.55,Low Value
252,paid advertising,30.450327213520207,0.0163414915688768,2736,2705.55,Medium Value
253,social media,9.546325667652964,0.1675922473559195,3730,3720.454,Medium Value
254,referral,8.320326732170223,0.1231449787166301,4994,4985.68,High Value
255,paid advertising,30.450327213520207,0.0163414915688768,3754,3723.55,Medium Value
256,paid advertising,30.450327213520207,0.0163414915688768,3139,3108.55,Medium Value
257,email marketing,5.2462632712450965,0.0438222285949381,2490,2484.754,Medium Value
258,referral,8.320326732170223,0.1231449787166301,4212,4203.68,High Value
259,email marketing,5.2462632712450965,0.0438222285949381,1314,1308.754,Low Value
260,referral,8.320326732170223,0.1231449787166301,4632,4623.68,High Value
261,referral,8.320326732170223,0.1231449787166301,966,957.68,Low Value
262,referral,8.320326732170223,0.1231449787166301,2729,2720.68,Medium Value
263,social media,9.546325667652964,0.1675922473559195,1150,1140.454,Low Value
264,social media,9.546325667652964,0.1675922473559195,1453,1443.454,Low Value
265,paid advertising,30.450327213520207,0.0163414915688768,4469,4438.55,High Value
266,email marketing,5.2462632712450965,0.0438222285949381,4742,4736.754,High Value
267,paid advertising,30.450327213520207,0.0163414915688768,2230,2199.55,Medium Value
268,referral,8.320326732170223,0.1231449787166301,4923,4914.68,High Value
269,paid advertising,30.450327213520207,0.0163414915688768,4290,4259.55,High Value
270,email marketing,5.2462632712450965,0.0438222285949381,1165,1159.754,Low Value
271,email marketing,5.2462632712450965,0.0438222285949381,2176,2170.754,Medium Value
272,referral,8.320326732170223,0.1231449787166301,2116,2107.68,Medium Value
273,referral,8.320326732170223,0.1231449787166301,3326,3317.68,Medium Value
274,referral,8.320326732170223,0.1231449787166301,2139,2130.68,Medium Value
275,email marketing,5.2462632712450965,0.0438222285949381,1237,1231.754,Low Value
276,referral,8.320326732170223,0.1231449787166301,2322,2313.68,Medium Value
277,referral,8.320326732170223,0.1231449787166301,1492,1483.68,Low Value
278,paid advertising,30.450327213520207,0.0163414915688768,1568,1537.55,Low Value
279,paid advertising,30.450327213520207,0.0163414915688768,3847,3816.55,High Value
280,social media,9.546325667652964,0.1675922473559195,4720,4710.454,High Value
281,referral,8.320326732170223,0.1231449787166301,3377,3368.68,Medium Value
282,referral,8.320326732170223,0.1231449787166301,1171,1162.68,Low Value
283,referral,8.320326732170223,0.1231449787166301,4155,4146.68,High Value
284,paid advertising,30.450327213520207,0.0163414915688768,3175,3144.55,Medium Value
285,email marketing,5.2462632712450965,0.0438222285949381,3796,3790.754,Medium Value
286,referral,8.320326732170223,0.1231449787166301,2387,2378.68,Medium Value
287,paid advertising,30.450327213520207,0.0163414915688768,1502,1471.55,Low Value
288,paid advertising,30.450327213520207,0.0163414915688768,1717,1686.55,Medium Value
289,email marketing,5.2462632712450965,0.0438222285949381,4645,4639.754,High Value
290,referral,8.320326732170223,0.1231449787166301,2086,2077.68,Medium Value
291,social media,9.546325667652964,0.1675922473559195,2230,2220.454,Medium Value
292,referral,8.320326732170223,0.1231449787166301,3315,3306.68,Medium Value
293,email marketing,5.2462632712450965,0.0438222285949381,3397,3391.754,Medium Value
294,paid advertising,30.450327213520207,0.0163414915688768,3040,3009.55,Medium Value
295,email marketing,5.2462632712450965,0.0438222285949381,3672,3666.754,Medium Value
296,referral,8.320326732170223,0.1231449787166301,1979,1970.68,Medium Value
297,email marketing,5.2462632712450965,0.0438222285949381,923,917.754,Low Value
298,social media,9.546325667652964,0.1675922473559195,753,743.454,Low Value
299,social media,9.546325667652964,0.1675922473559195,1089,1079.454,Low Value
300,paid advertising,30.450327213520207,0.0163414915688768,984,953.55,Low Value
301,email marketing,5.2462632712450965,0.0438222285949381,2749,2743.754,Medium Value
302,paid advertising,30.450327213520207,0.0163414915688768,4559,4528.55,High Value
303,paid advertising,30.450327213520207,0.0163414915688768,905,874.55,Low Value
304,referral,8.320326732170223,0.1231449787166301,4517,4508.68,High Value
305,social media,9.546325667652964,0.1675922473559195,2497,2487.454,Medium Value
306,paid advertising,30.450327213520207,0.0163414915688768,3170,3139.55,Medium Value
307,email marketing,5.2462632712450965,0.0438222285949381,3226,3220.754,Medium Value
308,paid advertising,30.450327213520207,0.0163414915688768,3975,3944.55,High Value
309,email marketing,5.2462632712450965,0.0438222285949381,3436,3430.754,Medium Value
310,social media,9.546325667652964,0.1675922473559195,755,745.454,Low Value
311,social media,9.546325667652964,0.1675922473559195,3941,3931.454,High Value
312,paid advertising,30.450327213520207,0.0163414915688768,3780,3749.55,Medium Value
313,social media,9.546325667652964,0.1675922473559195,2974,2964.454,Medium Value
314,referral,8.320326732170223,0.1231449787166301,849,840.68,Low Value
315,paid advertising,30.450327213520207,0.0163414915688768,3456,3425.55,Medium Value
316,referral,8.320326732170223,0.1231449787166301,2219,2210.68,Medium Value
317,social media,9.546325667652964,0.1675922473559195,4505,4495.454,High Value
318,email marketing,5.2462632712450965,0.0438222285949381,4105,4099.754,High Value
319,social media,9.546325667652964,0.1675922473559195,4575,4565.454,High Value
320,email marketing,5.2462632712450965,0.0438222285949381,2164,2158.754,Medium Value
321,paid advertising,30.450327213520207,0.0163414915688768,1804,1773.55,Medium Value
322,referral,8.320326732170223,0.1231449787166301,3092,3083.68,Medium Value
323,social media,9.546325667652964,0.1675922473559195,4653,4643.454,High Value
324,paid advertising,30.450327213520207,0.0163414915688768,3196,3165.55,Medium Value
325,referral,8.320326732170223,0.1231449787166301,2661,2652.68,Medium Value
326,referral,8.320326732170223,0.1231449787166301,3527,3518.68,Medium Value
327,email marketing,5.2462632712450965,0.0438222285949381,2537,2531.754,Medium Value
328,social media,9.546325667652964,0.1675922473559195,2529,2519.454,Medium Value
329,email marketing,5.2462632712450965,0.0438222285949381,3872,3866.754,High Value
330,referral,8.320326732170223,0.1231449787166301,1608,1599.68,Low Value
331,referral,8.320326732170223,0.1231449787166301,2183,2174.68,Medium Value
332,email marketing,5.2462632712450965,0.0438222285949381,3288,3282.754,Medium Value
333,referral,8.320326732170223,0.1231449787166301,1588,1579.68,Low Value
334,referral,8.320326732170223,0.1231449787166301,4318,4309.68,High Value
335,email marketing,5.2462632712450965,0.0438222285949381,4956,4950.754,High Value
336,social media,9.546325667652964,0.1675922473559195,2748,2738.454,Medium Value
337,referral,8.320326732170223,0.1231449787166301,500,491.68,Low Value
338,email marketing,5.2462632712450965,0.0438222285949381,813,807.754,Low Value
339,paid advertising,30.450327213520207,0.0163414915688768,3903,3872.55,High Value
340,referral,8.320326732170223,0.1231449787166301,2881,2872.68,Medium Value
341,social media,9.546325667652964,0.1675922473559195,3458,3448.454,Medium Value
342,email marketing,5.2462632712450965,0.0438222285949381,4731,4725.754,High Value
343,referral,8.320326732170223,0.1231449787166301,1280,1271.68,Low Value
344,referral,8.320326732170223,0.1231449787166301,838,829.68,Low Value
345,social media,9.546325667652964,0.1675922473559195,4032,4022.454,High Value
346,email marketing,5.2462632712450965,0.0438222285949381,999,993.754,Low Value
347,email marketing,5.2462632712450965,0.0438222285949381,3212,3206.754,Medium Value
348,social media,9.546325667652964,0.1675922473559195,2380,2370.454,Medium Value
349,social media,9.546325667652964,0.1675922473559195,2155,2145.454,Medium Value
350,referral,8.320326732170223,0.1231449787166301,1524,1515.68,Low Value
351,referral,8.320326732170223,0.1231449787166301,1248,1239.68,Low Value
352,social media,9.546325667652964,0.1675922473559195,2973,2963.454,Medium Value
353,referral,8.320326732170223,0.1231449787166301,2245,2236.68,Medium Value
354,referral,8.320326732170223,0.1231449787166301,2995,2986.68,Medium Value
355,referral,8.320326732170223,0.1231449787166301,3613,3604.68,Medium Value
356,social media,9.546325667652964,0.1675922473559195,3278,3268.454,Medium Value
357,social media,9.546325667652964,0.1675922473559195,1090,1080.454,Low Value
358,social media,9.546325667652964,0.1675922473559195,2593,2583.454,Medium Value
359,email marketing,5.2462632712450965,0.0438222285949381,3218,3212.754,Medium Value
360,paid advertising,30.450327213520207,0.0163414915688768,2242,2211.55,Medium Value
361,referral,8.320326732170223,0.1231449787166301,3984,3975.68,High Value
362,referral,8.320326732170223,0.1231449787166301,4951,4942.68,High Value
363,social media,9.546325667652964,0.1675922473559195,4127,4117.454,High Value
364,referral,8.320326732170223,0.1231449787166301,1194,1185.68,Low Value
365,referral,8.320326732170223,0.1231449787166301,3929,3920.68,High Value
366,email marketing,5.2462632712450965,0.0438222285949381,2297,2291.754,Medium Value
367,referral,8.320326732170223,0.1231449787166301,4923,4914.68,High Value
368,email marketing,5.2462632712450965,0.0438222285949381,3954,3948.754,High Value
369,social media,9.546325667652964,0.1675922473559195,1293,1283.454,Low Value
370,email marketing,5.2462632712450965,0.0438222285949381,3573,3567.754,Medium Value
371,referral,8.320326732170223,0.1231449787166301,1451,1442.68,Low Value
372,email marketing,5.2462632712450965,0.0438222285949381,3625,3619.754,Medium Value
373,referral,8.320326732170223,0.1231449787166301,3806,3797.68,Medium Value
374,social media,9.546325667652964,0.1675922473559195,1085,1075.454,Low Value
375,social media,9.546325667652964,0.1675922473559195,1267,1257.454,Low Value
376,paid advertising,30.450327213520207,0.0163414915688768,3875,3844.55,High Value
377,paid advertising,30.450327213520207,0.0163414915688768,2949,2918.55,Medium Value
378,referral,8.320326732170223,0.1231449787166301,2557,2548.68,Medium Value
379,email marketing,5.2462632712450965,0.0438222285949381,3463,3457.754,Medium Value
380,email marketing,5.2462632712450965,0.0438222285949381,1670,1664.754,Low Value
381,referral,8.320326732170223,0.1231449787166301,1163,1154.68,Low Value
382,social media,9.546325667652964,0.1675922473559195,1939,1929.454,Medium Value
383,email marketing,5.2462632712450965,0.0438222285949381,2674,2668.754,Medium Value
384,social media,9.546325667652964,0.1675922473559195,1719,1709.454,Medium Value
385,paid advertising,30.450327213520207,0.0163414915688768,3822,3791.55,Medium Value
386,referral,8.320326732170223,0.1231449787166301,2424,2415.68,Medium Value
387,referral,8.320326732170223,0.1231449787166301,2685,2676.68,Medium Value
388,email marketing,5.2462632712450965,0.0438222285949381,2891,2885.754,Medium Value
389,paid advertising,30.450327213520207,0.0163414915688768,3947,3916.55,High Value
390,social media,9.546325667652964,0.1675922473559195,2190,2180.454,Medium Value
391,paid advertising,30.450327213520207,0.0163414915688768,1694,1663.55,Low Value
392,referral,8.320326732170223,0.1231449787166301,3857,3848.68,High Value
393,paid advertising,30.450327213520207,0.0163414915688768,2531,2500.55,Medium Value
394,social media,9.546325667652964,0.1675922473559195,549,539.454,Low Value
395,paid advertising,30.450327213520207,0.0163414915688768,4779,4748.55,High Value
396,paid advertising,30.450327213520207,0.0163414915688768,1016,985.55,Low Value
397,paid advertising,30.450327213520207,0.0163414915688768,4460,4429.55,High Value
398,paid advertising,30.450327213520207,0.0163414915688768,534,503.55,Low Value
399,social media,9.546325667652964,0.1675922473559195,829,819.454,Low Value
400,email marketing,5.2462632712450965,0.0438222285949381,1859,1853.754,Medium Value
401,email marketing,5.2462632712450965,0.0438222285949381,2064,2058.754,Medium Value
402,paid advertising,30.450327213520207,0.0163414915688768,3970,3939.55,High Value
403,email marketing,5.2462632712450965,0.0438222285949381,4257,4251.754,High Value
404,referral,8.320326732170223,0.1231449787166301,1303,1294.68,Low Value
405,referral,8.320326732170223,0.1231449787166301,3809,3800.68,Medium Value
406,email marketing,5.2462632712450965,0.0438222285949381,4944,4938.754,High Value
407,paid advertising,30.450327213520207,0.0163414915688768,4998,4967.55,High Value
408,paid advertising,30.450327213520207,0.0163414915688768,1008,977.55,Low Value
409,referral,8.320326732170223,0.1231449787166301,2650,2641.68,Medium Value
410,paid advertising,30.450327213520207,0.0163414915688768,3252,3221.55,Medium Value
411,paid advertising,30.450327213520207,0.0163414915688768,4444,4413.55,High Value
412,email marketing,5.2462632712450965,0.0438222285949381,2028,2022.754,Medium Value
413,paid advertising,30.450327213520207,0.0163414915688768,999,968.55,Low Value
414,email marketing,5.2462632712450965,0.0438222285949381,3444,3438.754,Medium Value
415,paid advertising,30.450327213520207,0.0163414915688768,2152,2121.55,Medium Value
416,social media,9.546325667652964,0.1675922473559195,941,931.454,Low Value
417,social media,9.546325667652964,0.1675922473559195,1056,1046.454,Low Value
418,social media,9.546325667652964,0.1675922473559195,1111,1101.454,Low Value
419,email marketing,5.2462632712450965,0.0438222285949381,1335,1329.754,Low Value
420,email marketing,5.2462632712450965,0.0438222285949381,1438,1432.754,Low Value
421,social media,9.546325667652964,0.1675922473559195,1948,1938.454,Medium Value
422,referral,8.320326732170223,0.1231449787166301,3315,3306.68,Medium Value
423,email marketing,5.2462632712450965,0.0438222285949381,931,925.754,Low Value
424,paid advertising,30.450327213520207,0.0163414915688768,3444,3413.55,Medium Value
425,paid advertising,30.450327213520207,0.0163414915688768,4171,4140.55,High Value
426,referral,8.320326732170223,0.1231449787166301,3974,3965.68,High Value
427,referral,8.320326732170223,0.1231449787166301,3667,3658.68,Medium Value
428,email marketing,5.2462632712450965,0.0438222285949381,1120,1114.754,Low Value
429,paid advertising,30.450327213520207,0.0163414915688768,4598,4567.55,High Value
430,email marketing,5.2462632712450965,0.0438222285949381,2415,2409.754,Medium Value
431,email marketing,5.2462632712450965,0.0438222285949381,1432,1426.754,Low Value
432,referral,8.320326732170223,0.1231449787166301,4954,4945.68,High Value
433,referral,8.320326732170223,0.1231449787166301,2824,2815.68,Medium Value
434,email marketing,5.2462632712450965,0.0438222285949381,863,857.754,Low Value
435,email marketing,5.2462632712450965,0.0438222285949381,4091,4085.754,High Value
436,referral,8.320326732170223,0.1231449787166301,4338,4329.68,High Value
437,paid advertising,30.450327213520207,0.0163414915688768,3273,3242.55,Medium Value
438,email marketing,5.2462632712450965,0.0438222285949381,3742,3736.754,Medium Value
439,email marketing,5.2462632712450965,0.0438222285949381,4844,4838.754,High Value
440,paid advertising,30.450327213520207,0.0163414915688768,2068,2037.55,Medium Value
441,social media,9.546325667652964,0.1675922473559195,949,939.454,Low Value
442,social media,9.546325667652964,0.1675922473559195,3229,3219.454,Medium Value
443,email marketing,5.2462632712450965,0.0438222285949381,1770,1764.754,Medium Value
444,social media,9.546325667652964,0.1675922473559195,608,598.454,Low Value
445,paid advertising,30.450327213520207,0.0163414915688768,1523,1492.55,Low Value
446,social media,9.546325667652964,0.1675922473559195,859,849.454,Low Value
447,paid advertising,30.450327213520207,0.0163414915688768,533,502.55,Low Value
448,email marketing,5.2462632712450965,0.0438222285949381,2762,2756.754,Medium Value
449,referral,8.320326732170223,0.1231449787166301,3639,3630.68,Medium Value
450,referral,8.320326732170223,0.1231449787166301,578,569.68,Low Value
451,referral,8.320326732170223,0.1231449787166301,2589,2580.68,Medium Value
452,social media,9.546325667652964,0.1675922473559195,1923,1913.454,Medium Value
453,referral,8.320326732170223,0.1231449787166301,3722,3713.68,Medium Value
454,referral,8.320326732170223,0.1231449787166301,2052,2043.68,Medium Value
455,social media,9.546325667652964,0.1675922473559195,1835,1825.454,Medium Value
456,social media,9.546325667652964,0.1675922473559195,2012,2002.454,Medium Value
457,referral,8.320326732170223,0.1231449787166301,4493,4484.68,High Value
458,referral,8.320326732170223,0.1231449787166301,3277,3268.68,Medium Value
459,paid advertising,30.450327213520207,0.0163414915688768,3803,3772.55,Medium Value
460,paid advertising,30.450327213520207,0.0163414915688768,510,479.55,Low Value
461,social media,9.546325667652964,0.1675922473559195,2211,2201.454,Medium Value
462,paid advertising,30.450327213520207,0.0163414915688768,2648,2617.55,Medium Value
463,email marketing,5.2462632712450965,0.0438222285949381,3732,3726.754,Medium Value
464,referral,8.320326732170223,0.1231449787166301,516,507.68,Low Value
465,referral,8.320326732170223,0.1231449787166301,2837,2828.68,Medium Value
466,social media,9.546325667652964,0.1675922473559195,2003,1993.454,Medium Value
467,referral,8.320326732170223,0.1231449787166301,983,974.68,Low Value
468,social media,9.546325667652964,0.1675922473559195,4044,4034.454,High Value
469,email marketing,5.2462632712450965,0.0438222285949381,2624,2618.754,Medium Value
470,email marketing,5.2462632712450965,0.0438222285949381,2146,2140.754,Medium Value
471,paid advertising,30.450327213520207,0.0163414915688768,1976,1945.55,Medium Value
472,referral,8.320326732170223,0.1231449787166301,3673,3664.68,Medium Value
473,paid advertising,30.450327213520207,0.0163414915688768,2630,2599.55,Medium Value
474,email marketing,5.2462632712450965,0.0438222285949381,2272,2266.754,Medium Value
475,paid advertising,30.450327213520207,0.0163414915688768,1659,1628.55,Low Value
476,paid advertising,30.450327213520207,0.0163414915688768,2244,2213.55,Medium Value
477,social media,9.546325667652964,0.1675922473559195,4273,4263.454,High Value
478,social media,9.546325667652964,0.1675922473559195,1571,1561.454,Low Value
479,referral,8.320326732170223,0.1231449787166301,2561,2552.68,Medium Value
480,email marketing,5.2462632712450965,0.0438222285949381,3929,3923.754,High Value
481,email marketing,5.2462632712450965,0.0438222285949381,2440,2434.754,Medium Value
482,referral,8.320326732170223,0.1231449787166301,4820,4811.68,High Value
483,paid advertising,30.450327213520207,0.0163414915688768,2681,2650.55,Medium Value
484,email marketing,5.2462632712450965,0.0438222285949381,2609,2603.754,Medium Value
485,email marketing,5.2462632712450965,0.0438222285949381,2975,2969.754,Medium Value
486,email marketing,5.2462632712450965,0.0438222285949381,3090,3084.754,Medium Value
487,email marketing,5.2462632712450965,0.0438222285949381,3543,3537.754,Medium Value
488,paid advertising,30.450327213520207,0.0163414915688768,3622,3591.55,Medium Value
489,social media,9.546325667652964,0.1675922473559195,4118,4108.454,High Value
490,paid advertising,30.450327213520207,0.0163414915688768,4511,4480.55,High Value
491,email marketing,5.2462632712450965,0.0438222285949381,3165,3159.754,Medium Value
492,paid advertising,30.450327213520207,0.0163414915688768,2112,2081.55,Medium Value
493,referral,8.320326732170223,0.1231449787166301,1850,1841.68,Medium Value
494,social media,9.546325667652964,0.1675922473559195,4746,4736.454,High Value
495,paid advertising,30.450327213520207,0.0163414915688768,956,925.55,Low Value
496,referral,8.320326732170223,0.1231449787166301,3630,3621.68,Medium Value
497,email marketing,5.2462632712450965,0.0438222285949381,4427,4421.754,High Value
498,referral,8.320326732170223,0.1231449787166301,1597,1588.68,Low Value
499,social media,9.546325667652964,0.1675922473559195,1412,1402.454,Low Value
500,referral,8.320326732170223,0.1231449787166301,3798,3789.68,Medium Value
501,referral,8.320326732170223,0.1231449787166301,2759,2750.68,Medium Value
502,paid advertising,30.450327213520207,0.0163414915688768,1474,1443.55,Low Value
503,paid advertising,30.450327213520207,0.0163414915688768,1206,1175.55,Low Value
504,social media,9.546325667652964,0.1675922473559195,3174,3164.454,Medium Value
505,social media,9.546325667652964,0.1675922473559195,4931,4921.454,High Value
506,paid advertising,30.450327213520207,0.0163414915688768,3643,3612.55,Medium Value
507,email marketing,5.2462632712450965,0.0438222285949381,4603,4597.754,High Value
508,paid advertising,30.450327213520207,0.0163414915688768,2132,2101.55,Medium Value
509,email marketing,5.2462632712450965,0.0438222285949381,2900,2894.754,Medium Value
510,email marketing,5.2462632712450965,0.0438222285949381,4496,4490.754,High Value
511,email marketing,5.2462632712450965,0.0438222285949381,4806,4800.754,High Value
512,email marketing,5.2462632712450965,0.0438222285949381,3040,3034.754,Medium Value
513,paid advertising,30.450327213520207,0.0163414915688768,849,818.55,Low Value
514,social media,9.546325667652964,0.1675922473559195,871,861.454,Low Value
515,social media,9.546325667652964,0.1675922473559195,1079,1069.454,Low Value
516,social media,9.546325667652964,0.1675922473559195,3779,3769.454,Medium Value
517,email marketing,5.2462632712450965,0.0438222285949381,2721,2715.754,Medium Value
518,paid advertising,30.450327213520207,0.0163414915688768,1397,1366.55,Low Value
519,referral,8.320326732170223,0.1231449787166301,3195,3186.68,Medium Value
520,paid advertising,30.450327213520207,0.0163414915688768,2923,2892.55,Medium Value
521,paid advertising,30.450327213520207,0.0163414915688768,2328,2297.55,Medium Value
522,email marketing,5.2462632712450965,0.0438222285949381,1212,1206.754,Low Value
523,email marketing,5.2462632712450965,0.0438222285949381,4098,4092.754,High Value
524,social media,9.546325667652964,0.1675922473559195,3768,3758.454,Medium Value
525,email marketing,5.2462632712450965,0.0438222285949381,4767,4761.754,High Value
526,referral,8.320326732170223,0.1231449787166301,2525,2516.68,Medium Value
527,paid advertising,30.450327213520207,0.0163414915688768,2490,2459.55,Medium Value
528,referral,8.320326732170223,0.1231449787166301,1642,1633.68,Low Value
529,email marketing,5.2462632712450965,0.0438222285949381,3683,3677.754,Medium Value
530,referral,8.320326732170223,0.1231449787166301,4882,4873.68,High Value
531,email marketing,5.2462632712450965,0.0438222285949381,3476,3470.754,Medium Value
532,social media,9.546325667652964,0.1675922473559195,4342,4332.454,High Value
533,email marketing,5.2462632712450965,0.0438222285949381,545,539.754,Low Value
534,referral,8.320326732170223,0.1231449787166301,2472,2463.68,Medium Value
535,paid advertising,30.450327213520207,0.0163414915688768,3092,3061.55,Medium Value
536,email marketing,5.2462632712450965,0.0438222285949381,4667,4661.754,High Value
537,email marketing,5.2462632712450965,0.0438222285949381,2054,2048.754,Medium Value
538,paid advertising,30.450327213520207,0.0163414915688768,3320,3289.55,Medium Value
539,referral,8.320326732170223,0.1231449787166301,1103,1094.68,Low Value
540,email marketing,5.2462632712450965,0.0438222285949381,2816,2810.754,Medium Value
541,referral,8.320326732170223,0.1231449787166301,2952,2943.68,Medium Value
542,paid advertising,30.450327213520207,0.0163414915688768,4533,4502.55,High Value
543,paid advertising,30.450327213520207,0.0163414915688768,3032,3001.55,Medium Value
544,referral,8.320326732170223,0.1231449787166301,4080,4071.68,High Value
545,referral,8.320326732170223,0.1231449787166301,3917,3908.68,High Value
546,referral,8.320326732170223,0.1231449787166301,4568,4559.68,High Value
547,paid advertising,30.450327213520207,0.0163414915688768,1592,1561.55,Low Value
548,referral,8.320326732170223,0.1231449787166301,3669,3660.68,Medium Value
549,email marketing,5.2462632712450965,0.0438222285949381,4330,4324.754,High Value
550,email marketing,5.2462632712450965,0.0438222285949381,2040,2034.754,Medium Value
551,social media,9.546325667652964,0.1675922473559195,4598,4588.454,High Value
552,referral,8.320326732170223,0.1231449787166301,2128,2119.68,Medium Value
553,social media,9.546325667652964,0.1675922473559195,4932,4922.454,High Value
554,referral,8.320326732170223,0.1231449787166301,2060,2051.68,Medium Value
555,social media,9.546325667652964,0.1675922473559195,4625,4615.454,High Value
556,paid advertising,30.450327213520207,0.0163414915688768,4734,4703.55,High Value
557,social media,9.546325667652964,0.1675922473559195,2766,2756.454,Medium Value
558,paid advertising,30.450327213520207,0.0163414915688768,4055,4024.55,High Value
559,referral,8.320326732170223,0.1231449787166301,3540,3531.68,Medium Value
560,social media,9.546325667652964,0.1675922473559195,1207,1197.454,Low Value
561,paid advertising,30.450327213520207,0.0163414915688768,1758,1727.55,Medium Value
562,email marketing,5.2462632712450965,0.0438222285949381,2757,2751.754,Medium Value
563,referral,8.320326732170223,0.1231449787166301,1302,1293.68,Low Value
564,email marketing,5.2462632712450965,0.0438222285949381,2410,2404.754,Medium Value
565,paid advertising,30.450327213520207,0.0163414915688768,2422,2391.55,Medium Value
566,social media,9.546325667652964,0.1675922473559195,3471,3461.454,Medium Value
567,social media,9.546325667652964,0.1675922473559195,4866,4856.454,High Value
568,paid advertising,30.450327213520207,0.0163414915688768,4998,4967.55,High Value
569,paid advertising,30.450327213520207,0.0163414915688768,3882,3851.55,High Value
570,email marketing,5.2462632712450965,0.0438222285949381,2291,2285.754,Medium Value
571,email marketing,5.2462632712450965,0.0438222285949381,1268,1262.754,Low Value
572,email marketing,5.2462632712450965,0.0438222285949381,545,539.754,Low Value
573,email marketing,5.2462632712450965,0.0438222285949381,1267,1261.754,Low Value
574,email marketing,5.2462632712450965,0.0438222285949381,4288,4282.754,High Value
575,email marketing,5.2462632712450965,0.0438222285949381,1398,1392.754,Low Value
576,paid advertising,30.450327213520207,0.0163414915688768,2826,2795.55,Medium Value
577,email marketing,5.2462632712450965,0.0438222285949381,749,743.754,Low Value
578,referral,8.320326732170223,0.1231449787166301,4603,4594.68,High Value
579,social media,9.546325667652964,0.1675922473559195,1796,1786.454,Medium Value
580,paid advertising,30.450327213520207,0.0163414915688768,3988,3957.55,High Value
581,email marketing,5.2462632712450965,0.0438222285949381,1855,1849.754,Medium Value
582,paid advertising,30.450327213520207,0.0163414915688768,765,734.55,Low Value
583,referral,8.320326732170223,0.1231449787166301,1847,1838.68,Medium Value
584,email marketing,5.2462632712450965,0.0438222285949381,1241,1235.754,Low Value
585,email marketing,5.2462632712450965,0.0438222285949381,4624,4618.754,High Value
586,referral,8.320326732170223,0.1231449787166301,2558,2549.68,Medium Value
587,paid advertising,30.450327213520207,0.0163414915688768,3385,3354.55,Medium Value
588,referral,8.320326732170223,0.1231449787166301,3508,3499.68,Medium Value
589,paid advertising,30.450327213520207,0.0163414915688768,1518,1487.55,Low Value
590,email marketing,5.2462632712450965,0.0438222285949381,3097,3091.754,Medium Value
591,email marketing,5.2462632712450965,0.0438222285949381,1027,1021.754,Low Value
592,paid advertising,30.450327213520207,0.0163414915688768,2528,2497.55,Medium Value
593,referral,8.320326732170223,0.1231449787166301,3831,3822.68,High Value
594,paid advertising,30.450327213520207,0.0163414915688768,2821,2790.55,Medium Value
595,social media,9.546325667652964,0.1675922473559195,4698,4688.454,High Value
596,social media,9.546325667652964,0.1675922473559195,3433,3423.454,Medium Value
597,paid advertising,30.450327213520207,0.0163414915688768,1576,1545.55,Low Value
598,referral,8.320326732170223,0.1231449787166301,3989,3980.68,High Value
599,email marketing,5.2462632712450965,0.0438222285949381,3395,3389.754,Medium Value
600,referral,8.320326732170223,0.1231449787166301,2745,2736.68,Medium Value
601,social media,9.546325667652964,0.1675922473559195,2362,2352.454,Medium Value
602,social media,9.546325667652964,0.1675922473559195,2179,2169.454,Medium Value
603,referral,8.320326732170223,0.1231449787166301,2014,2005.68,Medium Value
604,referral,8.320326732170223,0.1231449787166301,3982,3973.68,High Value
605,referral,8.320326732170223,0.1231449787166301,3797,3788.68,Medium Value
606,referral,8.320326732170223,0.1231449787166301,3509,3500.68,Medium Value
607,paid advertising,30.450327213520207,0.0163414915688768,4905,4874.55,High Value
608,email marketing,5.2462632712450965,0.0438222285949381,2098,2092.754,Medium Value
609,referral,8.320326732170223,0.1231449787166301,1140,1131.68,Low Value
610,social media,9.546325667652964,0.1675922473559195,2555,2545.454,Medium Value
611,paid advertising,30.450327213520207,0.0163414915688768,3770,3739.55,Medium Value
612,referral,8.320326732170223,0.1231449787166301,1899,1890.68,Medium Value
613,email marketing,5.2462632712450965,0.0438222285949381,2604,2598.754,Medium Value
614,social media,9.546325667652964,0.1675922473559195,3597,3587.454,Medium Value
615,social media,9.546325667652964,0.1675922473559195,1014,1004.454,Low Value
616,paid advertising,30.450327213520207,0.0163414915688768,2555,2524.55,Medium Value
617,email marketing,5.2462632712450965,0.0438222285949381,3419,3413.754,Medium Value
618,social media,9.546325667652964,0.1675922473559195,1093,1083.454,Low Value
619,paid advertising,30.450327213520207,0.0163414915688768,3500,3469.55,Medium Value
620,email marketing,5.2462632712450965,0.0438222285949381,1766,1760.754,Medium Value
621,paid advertising,30.450327213520207,0.0163414915688768,4600,4569.55,High Value
622,social media,9.546325667652964,0.1675922473559195,4128,4118.454,High Value
623,email marketing,5.2462632712450965,0.0438222285949381,3885,3879.754,High Value
624,social media,9.546325667652964,0.1675922473559195,2580,2570.454,Medium Value
625,email marketing,5.2462632712450965,0.0438222285949381,3111,3105.754,Medium Value
626,social media,9.546325667652964,0.1675922473559195,3904,3894.454,High Value
627,referral,8.320326732170223,0.1231449787166301,1008,999.68,Low Value
628,paid advertising,30.450327213520207,0.0163414915688768,1661,1630.55,Low Value
629,email marketing,5.2462632712450965,0.0438222285949381,3100,3094.754,Medium Value
630,email marketing,5.2462632712450965,0.0438222285949381,2276,2270.754,Medium Value
631,paid advertising,30.450327213520207,0.0163414915688768,2435,2404.55,Medium Value
632,paid advertising,30.450327213520207,0.0163414915688768,1491,1460.55,Low Value
633,social media,9.546325667652964,0.1675922473559195,3367,3357.454,Medium Value
634,social media,9.546325667652964,0.1675922473559195,3991,3981.454,High Value
635,referral,8.320326732170223,0.1231449787166301,1151,1142.68,Low Value
636,referral,8.320326732170223,0.1231449787166301,1313,1304.68,Low Value
637,referral,8.320326732170223,0.1231449787166301,3525,3516.68,Medium Value
638,paid advertising,30.450327213520207,0.0163414915688768,4659,4628.55,High Value
639,paid advertising,30.450327213520207,0.0163414915688768,4693,4662.55,High Value
640,email marketing,5.2462632712450965,0.0438222285949381,500,494.754,Low Value
641,social media,9.546325667652964,0.1675922473559195,2807,2797.454,Medium Value
642,paid advertising,30.450327213520207,0.0163414915688768,2296,2265.55,Medium Value
643,referral,8.320326732170223,0.1231449787166301,1549,1540.68,Low Value
644,email marketing,5.2462632712450965,0.0438222285949381,4735,4729.754,High Value
645,referral,8.320326732170223,0.1231449787166301,3792,3783.68,Medium Value
646,paid advertising,30.450327213520207,0.0163414915688768,4085,4054.55,High Value
647,social media,9.546325667652964,0.1675922473559195,1370,1360.454,Low Value
648,paid advertising,30.450327213520207,0.0163414915688768,1253,1222.55,Low Value
649,paid advertising,30.450327213520207,0.0163414915688768,4649,4618.55,High Value
650,paid advertising,30.450327213520207,0.0163414915688768,4910,4879.55,High Value
651,email marketing,5.2462632712450965,0.0438222285949381,1208,1202.754,Low Value
652,email marketing,5.2462632712450965,0.0438222285949381,3089,3083.754,Medium Value
653,referral,8.320326732170223,0.1231449787166301,1071,1062.68,Low Value
654,paid advertising,30.450327213520207,0.0163414915688768,3436,3405.55,Medium Value
655,paid advertising,30.450327213520207,0.0163414915688768,3902,3871.55,High Value
656,email marketing,5.2462632712450965,0.0438222285949381,684,678.754,Low Value
657,paid advertising,30.450327213520207,0.0163414915688768,676,645.55,Low Value
658,referral,8.320326732170223,0.1231449787166301,1992,1983.68,Medium Value
659,referral,8.320326732170223,0.1231449787166301,1214,1205.68,Low Value
660,paid advertising,30.450327213520207,0.0163414915688768,4171,4140.55,High Value
661,social media,9.546325667652964,0.1675922473559195,4402,4392.454,High Value
662,email marketing,5.2462632712450965,0.0438222285949381,2327,2321.754,Medium Value
663,social media,9.546325667652964,0.1675922473559195,4056,4046.454,High Value
664,referral,8.320326732170223,0.1231449787166301,1176,1167.68,Low Value
665,paid advertising,30.450327213520207,0.0163414915688768,2777,2746.55,Medium Value
666,referral,8.320326732170223,0.1231449787166301,1244,1235.68,Low Value
667,paid advertising,30.450327213520207,0.0163414915688768,2607,2576.55,Medium Value
668,social media,9.546325667652964,0.1675922473559195,1173,1163.454,Low Value
669,social media,9.546325667652964,0.1675922473559195,519,509.454,Low Value
670,paid advertising,30.450327213520207,0.0163414915688768,4662,4631.55,High Value
671,referral,8.320326732170223,0.1231449787166301,4332,4323.68,High Value
672,referral,8.320326732170223,0.1231449787166301,2666,2657.68,Medium Value
673,email marketing,5.2462632712450965,0.0438222285949381,2472,2466.754,Medium Value
674,social media,9.546325667652964,0.1675922473559195,736,726.454,Low Value
675,referral,8.320326732170223,0.1231449787166301,4085,4076.68,High Value
676,referral,8.320326732170223,0.1231449787166301,1903,1894.68,Medium Value
677,social media,9.546325667652964,0.1675922473559195,3916,3906.454,High Value
678,paid advertising,30.450327213520207,0.0163414915688768,933,902.55,Low Value
679,social media,9.546325667652964,0.1675922473559195,2540,2530.454,Medium Value
680,email marketing,5.2462632712450965,0.0438222285949381,1375,1369.754,Low Value
681,paid advertising,30.450327213520207,0.0163414915688768,3862,3831.55,High Value
682,paid advertising,30.450327213520207,0.0163414915688768,2849,2818.55,Medium Value
683,social media,9.546325667652964,0.1675922473559195,3810,3800.454,Medium Value
684,email marketing,5.2462632712450965,0.0438222285949381,1704,1698.754,Medium Value
685,referral,8.320326732170223,0.1231449787166301,4164,4155.68,High Value
686,social media,9.546325667652964,0.1675922473559195,2680,2670.454,Medium Value
687,paid advertising,30.450327213520207,0.0163414915688768,3036,3005.55,Medium Value
688,referral,8.320326732170223,0.1231449787166301,2506,2497.68,Medium Value
689,referral,8.320326732170223,0.1231449787166301,1004,995.68,Low Value
690,social media,9.546325667652964,0.1675922473559195,3512,3502.454,Medium Value
691,social media,9.546325667652964,0.1675922473559195,3652,3642.454,Medium Value
692,email marketing,5.2462632712450965,0.0438222285949381,1849,1843.754,Medium Value
693,paid advertising,30.450327213520207,0.0163414915688768,2198,2167.55,Medium Value
694,email marketing,5.2462632712450965,0.0438222285949381,4062,4056.754,High Value
695,paid advertising,30.450327213520207,0.0163414915688768,684,653.55,Low Value
696,referral,8.320326732170223,0.1231449787166301,2689,2680.68,Medium Value
697,referral,8.320326732170223,0.1231449787166301,2857,2848.68,Medium Value
698,email marketing,5.2462632712450965,0.0438222285949381,3363,3357.754,Medium Value
699,email marketing,5.2462632712450965,0.0438222285949381,3343,3337.754,Medium Value
700,email marketing,5.2462632712450965,0.0438222285949381,1344,1338.754,Low Value
701,paid advertising,30.450327213520207,0.0163414915688768,4289,4258.55,High Value
702,social media,9.546325667652964,0.1675922473559195,2058,2048.454,Medium Value
703,email marketing,5.2462632712450965,0.0438222285949381,4350,4344.754,High Value
704,email marketing,5.2462632712450965,0.0438222285949381,2898,2892.754,Medium Value
705,referral,8.320326732170223,0.1231449787166301,3751,3742.68,Medium Value
706,email marketing,5.2462632712450965,0.0438222285949381,3657,3651.754,Medium Value
707,social media,9.546325667652964,0.1675922473559195,4228,4218.454,High Value
708,social media,9.546325667652964,0.1675922473559195,4832,4822.454,High Value
709,referral,8.320326732170223,0.1231449787166301,1464,1455.68,Low Value
710,paid advertising,30.450327213520207,0.0163414915688768,2333,2302.55,Medium Value
711,email marketing,5.2462632712450965,0.0438222285949381,4027,4021.754,High Value
712,social media,9.546325667652964,0.1675922473559195,702,692.454,Low Value
713,social media,9.546325667652964,0.1675922473559195,1855,1845.454,Medium Value
714,referral,8.320326732170223,0.1231449787166301,2750,2741.68,Medium Value
715,paid advertising,30.450327213520207,0.0163414915688768,3959,3928.55,High Value
716,referral,8.320326732170223,0.1231449787166301,2362,2353.68,Medium Value
717,paid advertising,30.450327213520207,0.0163414915688768,4354,4323.55,High Value
718,referral,8.320326732170223,0.1231449787166301,1053,1044.68,Low Value
719,social media,9.546325667652964,0.1675922473559195,2755,2745.454,Medium Value
720,email marketing,5.2462632712450965,0.0438222285949381,2195,2189.754,Medium Value
721,email marketing,5.2462632712450965,0.0438222285949381,513,507.754,Low Value
722,email marketing,5.2462632712450965,0.0438222285949381,1638,1632.754,Low Value
723,social media,9.546325667652964,0.1675922473559195,565,555.454,Low Value
724,referral,8.320326732170223,0.1231449787166301,3980,3971.68,High Value
725,paid advertising,30.450327213520207,0.0163414915688768,2384,2353.55,Medium Value
726,referral,8.320326732170223,0.1231449787166301,1825,1816.68,Medium Value
727,social media,9.546325667652964,0.1675922473559195,4125,4115.454,High Value
728,referral,8.320326732170223,0.1231449787166301,4237,4228.68,High Value
729,email marketing,5.2462632712450965,0.0438222285949381,3519,3513.754,Medium Value
730,referral,8.320326732170223,0.1231449787166301,1388,1379.68,Low Value
731,email marketing,5.2462632712450965,0.0438222285949381,4750,4744.754,High Value
732,social media,9.546325667652964,0.1675922473559195,4396,4386.454,High Value
733,paid advertising,30.450327213520207,0.0163414915688768,4550,4519.55,High Value
734,social media,9.546325667652964,0.1675922473559195,3233,3223.454,Medium Value
735,paid advertising,30.450327213520207,0.0163414915688768,1002,971.55,Low Value
736,referral,8.320326732170223,0.1231449787166301,1704,1695.68,Medium Value
737,social media,9.546325667652964,0.1675922473559195,681,671.454,Low Value
738,paid advertising,30.450327213520207,0.0163414915688768,3436,3405.55,Medium Value
739,paid advertising,30.450327213520207,0.0163414915688768,808,777.55,Low Value
740,referral,8.320326732170223,0.1231449787166301,3520,3511.68,Medium Value
741,social media,9.546325667652964,0.1675922473559195,3554,3544.454,Medium Value
742,email marketing,5.2462632712450965,0.0438222285949381,1794,1788.754,Medium Value
743,paid advertising,30.450327213520207,0.0163414915688768,1348,1317.55,Low Value
744,referral,8.320326732170223,0.1231449787166301,3708,3699.68,Medium Value
745,email marketing,5.2462632712450965,0.0438222285949381,1740,1734.754,Medium Value
746,email marketing,5.2462632712450965,0.0438222285949381,2026,2020.754,Medium Value
747,social media,9.546325667652964,0.1675922473559195,2257,2247.454,Medium Value
748,referral,8.320326732170223,0.1231449787166301,1111,1102.68,Low Value
749,referral,8.320326732170223,0.1231449787166301,4778,4769.68,High Value
750,email marketing,5.2462632712450965,0.0438222285949381,2428,2422.754,Medium Value
751,referral,8.320326732170223,0.1231449787166301,970,961.68,Low Value
752,social media,9.546325667652964,0.1675922473559195,4268,4258.454,High Value
753,paid advertising,30.450327213520207,0.0163414915688768,4533,4502.55,High Value
754,referral,8.320326732170223,0.1231449787166301,3531,3522.68,Medium Value
755,paid advertising,30.450327213520207,0.0163414915688768,2007,1976.55,Medium Value
756,social media,9.546325667652964,0.1675922473559195,4419,4409.454,High Value
757,email marketing,5.2462632712450965,0.0438222285949381,4090,4084.754,High Value
758,email marketing,5.2462632712450965,0.0438222285949381,4659,4653.754,High Value
759,social media,9.546325667652964,0.1675922473559195,4264,4254.454,High Value
760,social media,9.546325667652964,0.1675922473559195,2193,2183.454,Medium Value
761,social media,9.546325667652964,0.1675922473559195,4468,4458.454,High Value
762,email marketing,5.2462632712450965,0.0438222285949381,2996,2990.754,Medium Value
763,referral,8.320326732170223,0.1231449787166301,3601,3592.68,Medium Value
764,email marketing,5.2462632712450965,0.0438222285949381,4647,4641.754,High Value
765,referral,8.320326732170223,0.1231449787166301,4423,4414.68,High Value
766,paid advertising,30.450327213520207,0.0163414915688768,3027,2996.55,Medium Value
767,referral,8.320326732170223,0.1231449787166301,2970,2961.68,Medium Value
768,email marketing,5.2462632712450965,0.0438222285949381,2027,2021.754,Medium Value
769,email marketing,5.2462632712450965,0.0438222285949381,4634,4628.754,High Value
770,social media,9.546325667652964,0.1675922473559195,923,913.454,Low Value
771,social media,9.546325667652964,0.1675922473559195,2044,2034.454,Medium Value
772,email marketing,5.2462632712450965,0.0438222285949381,607,601.754,Low Value
773,paid advertising,30.450327213520207,0.0163414915688768,4902,4871.55,High Value
774,social media,9.546325667652964,0.1675922473559195,2953,2943.454,Medium Value
775,referral,8.320326732170223,0.1231449787166301,1597,1588.68,Low Value
776,social media,9.546325667652964,0.1675922473559195,4178,4168.454,High Value
777,referral,8.320326732170223,0.1231449787166301,1190,1181.68,Low Value
778,email marketing,5.2462632712450965,0.0438222285949381,3694,3688.754,Medium Value
779,paid advertising,30.450327213520207,0.0163414915688768,4217,4186.55,High Value
780,social media,9.546325667652964,0.1675922473559195,3818,3808.454,Medium Value
781,referral,8.320326732170223,0.1231449787166301,3236,3227.68,Medium Value
782,email marketing,5.2462632712450965,0.0438222285949381,3376,3370.754,Medium Value
783,email marketing,5.2462632712450965,0.0438222285949381,4306,4300.754,High Value
784,referral,8.320326732170223,0.1231449787166301,3620,3611.68,Medium Value
785,email marketing,5.2462632712450965,0.0438222285949381,3122,3116.754,Medium Value
786,email marketing,5.2462632712450965,0.0438222285949381,2583,2577.754,Medium Value
787,social media,9.546325667652964,0.1675922473559195,3017,3007.454,Medium Value
788,email marketing,5.2462632712450965,0.0438222285949381,4401,4395.754,High Value
789,email marketing,5.2462632712450965,0.0438222285949381,2336,2330.754,Medium Value
790,referral,8.320326732170223,0.1231449787166301,1828,1819.68,Medium Value
791,social media,9.546325667652964,0.1675922473559195,3049,3039.454,Medium Value
792,email marketing,5.2462632712450965,0.0438222285949381,1492,1486.754,Low Value
793,social media,9.546325667652964,0.1675922473559195,1454,1444.454,Low Value
794,paid advertising,30.450327213520207,0.0163414915688768,4947,4916.55,High Value
795,social media,9.546325667652964,0.1675922473559195,4509,4499.454,High Value
796,social media,9.546325667652964,0.1675922473559195,2813,2803.454,Medium Value
797,email marketing,5.2462632712450965,0.0438222285949381,3439,3433.754,Medium Value
798,social media,9.546325667652964,0.1675922473559195,2101,2091.454,Medium Value
799,paid advertising,30.450327213520207,0.0163414915688768,813,782.55,Low Value
800,email marketing,5.2462632712450965,0.0438222285949381,4820,4814.754,High Value
