customer_id,channel,cost,conversion_rate,revenue,net_value,customer_segment,customer_value_score,customer_value_score_net
1,referral,8.320326732170223,0.1231449787166301,4199,4190.68,High Value - Standard Efficiency,4,4
2,paid advertising,30.450327213520207,0.0163414915688768,3410,3379.55,Low Value,0,0
3,email marketing,5.2462632712450965,0.0438222285949381,3164,3158.754,Cost Efficient - Potential Value,1,1
4,social media,9.546325667652964,0.1675922473559195,1520,1510.454,Low Value,1,0
5,referral,8.320326732170223,0.1231449787166301,2419,2410.68,Low Value,0,0
6,paid advertising,30.450327213520207,0.0163414915688768,3856,3825.55,High Value - Standard Efficiency,4,4
7,social media,9.546325667652964,0.1675922473559195,1172,1162.454,Low Value,1,0
8,email marketing,5.2462632712450965,0.0438222285949381,700,694.754,Cost Efficient - Potential Value,1,1
9,social media,9.546325667652964,0.1675922473559195,2137,2127.454,Low Value,1,0
10,social media,9.546325667652964,0.1675922473559195,982,972.454,Low Value,1,0
11,email marketing,5.2462632712450965,0.0438222285949381,3003,2997.754,Cost Efficient - Potential Value,1,1
12,referral,8.320326732170223,0.1231449787166301,1455,1446.68,Low Value,0,0
13,social media,9.546325667652964,0.1675922473559195,3388,3378.454,Low Value,1,0
14,email marketing,5.2462632712450965,0.0438222285949381,3562,3556.754,Cost Efficient - Potential Value,1,1
15,referral,8.320326732170223,0.1231449787166301,1147,1138.68,Low Value,0,0
16,paid advertising,30.450327213520207,0.0163414915688768,1303,1272.55,Low Value,0,0
17,referral,8.320326732170223,0.1231449787166301,1456,1447.68,Low Value,0,0
18,paid advertising,30.450327213520207,0.0163414915688768,4549,4518.55,High Value - Standard Efficiency,4,4
19,social media,9.546325667652964,0.1675922473559195,2054,2044.454,Low Value,1,0
20,referral,8.320326732170223,0.1231449787166301,4439,4430.68,High Value - Standard Efficiency,4,4
21,paid advertising,30.450327213520207,0.0163414915688768,1976,1945.55,Low Value,0,0
22,email marketing,5.2462632712450965,0.0438222285949381,4004,3998.754,High Value - High Efficiency,5,5
23,social media,9.546325667652964,0.1675922473559195,2010,2000.454,Low Value,1,0
24,email marketing,5.2462632712450965,0.0438222285949381,3932,3926.754,High Value - High Efficiency,5,5
25,email marketing,5.2462632712450965,0.0438222285949381,1885,1879.754,Cost Efficient - Potential Value,1,1
26,paid advertising,30.450327213520207,0.0163414915688768,4455,4424.55,High Value - Standard Efficiency,4,4
27,email marketing,5.2462632712450965,0.0438222285949381,4681,4675.754,High Value - High Efficiency,5,5
28,social media,9.546325667652964,0.1675922473559195,1867,1857.454,Low Value,1,0
29,email marketing,5.2462632712450965,0.0438222285949381,4342,4336.754,High Value - High Efficiency,5,5
30,paid advertising,30.450327213520207,0.0163414915688768,1385,1354.55,Low Value,0,0
31,referral,8.320326732170223,0.1231449787166301,3239,3230.68,Low Value,0,0
32,social media,9.546325667652964,0.1675922473559195,1459,1449.454,Low Value,1,0
33,referral,8.320326732170223,0.1231449787166301,2021,2012.68,Low Value,0,0
34,social media,9.546325667652964,0.1675922473559195,1947,1937.454,Low Value,1,0
35,paid advertising,30.450327213520207,0.0163414915688768,2026,1995.55,Low Value,0,0
36,referral,8.320326732170223,0.1231449787166301,4776,4767.68,High Value - Standard Efficiency,4,4
37,social media,9.546325667652964,0.1675922473559195,3836,3826.454,High Value - Standard Efficiency,5,4
38,social media,9.546325667652964,0.1675922473559195,3172,3162.454,Low Value,1,0
39,paid advertising,30.450327213520207,0.0163414915688768,4846,4815.55,High Value - Standard Efficiency,4,4
40,referral,8.320326732170223,0.1231449787166301,3868,3859.68,High Value - Standard Efficiency,4,4
41,social media,9.546325667652964,0.1675922473559195,3947,3937.454,High Value - Standard Efficiency,5,4
42,social media,9.546325667652964,0.1675922473559195,1118,1108.454,Low Value,1,0
43,paid advertising,30.450327213520207,0.0163414915688768,3326,3295.55,Low Value,0,0
44,paid advertising,30.450327213520207,0.0163414915688768,1004,973.55,Low Value,0,0
45,paid advertising,30.450327213520207,0.0163414915688768,3596,3565.55,Low Value,0,0
46,social media,9.546325667652964,0.1675922473559195,1052,1042.454,Low Value,1,0
47,email marketing,5.2462632712450965,0.0438222285949381,3466,3460.754,Cost Efficient - Potential Value,1,1
48,referral,8.320326732170223,0.1231449787166301,832,823.68,Low Value,0,0
49,social media,9.546325667652964,0.1675922473559195,1575,1565.454,Low Value,1,0
50,referral,8.320326732170223,0.1231449787166301,571,562.68,Low Value,0,0
51,email marketing,5.2462632712450965,0.0438222285949381,1962,1956.754,Cost Efficient - Potential Value,1,1
52,paid advertising,30.450327213520207,0.0163414915688768,2573,2542.55,Low Value,0,0
53,referral,8.320326732170223,0.1231449787166301,3603,3594.68,Low Value,0,0
54,referral,8.320326732170223,0.1231449787166301,2390,2381.68,Low Value,0,0
55,paid advertising,30.450327213520207,0.0163414915688768,2949,2918.55,Low Value,0,0
56,paid advertising,30.450327213520207,0.0163414915688768,719,688.55,Low Value,0,0
57,email marketing,5.2462632712450965,0.0438222285949381,2754,2748.754,Cost Efficient - Potential Value,1,1
58,paid advertising,30.450327213520207,0.0163414915688768,674,643.55,Low Value,0,0
59,referral,8.320326732170223,0.1231449787166301,868,859.68,Low Value,0,0
60,paid advertising,30.450327213520207,0.0163414915688768,1806,1775.55,Low Value,0,0
61,email marketing,5.2462632712450965,0.0438222285949381,3472,3466.754,Cost Efficient - Potential Value,1,1
62,social media,9.546325667652964,0.1675922473559195,792,782.454,Low Value,1,0
63,email marketing,5.2462632712450965,0.0438222285949381,3890,3884.754,High Value - High Efficiency,5,5
64,social media,9.546325667652964,0.1675922473559195,4131,4121.454,High Value - Standard Efficiency,5,4
65,paid advertising,30.450327213520207,0.0163414915688768,4210,4179.55,High Value - Standard Efficiency,4,4
66,social media,9.546325667652964,0.1675922473559195,1568,1558.454,Low Value,1,0
67,paid advertising,30.450327213520207,0.0163414915688768,2529,2498.55,Low Value,0,0
68,referral,8.320326732170223,0.1231449787166301,2376,2367.68,Low Value,0,0
69,email marketing,5.2462632712450965,0.0438222285949381,2952,2946.754,Cost Efficient - Potential Value,1,1
70,social media,9.546325667652964,0.1675922473559195,4833,4823.454,High Value - Standard Efficiency,5,4
71,paid advertising,30.450327213520207,0.0163414915688768,2237,2206.55,Low Value,0,0
72,referral,8.320326732170223,0.1231449787166301,1361,1352.68,Low Value,0,0
73,paid advertising,30.450327213520207,0.0163414915688768,2807,2776.55,Low Value,0,0
74,paid advertising,30.450327213520207,0.0163414915688768,2620,2589.55,Low Value,0,0
75,referral,8.320326732170223,0.1231449787166301,3525,3516.68,Low Value,0,0
76,paid advertising,30.450327213520207,0.0163414915688768,3112,3081.55,Low Value,0,0
77,email marketing,5.2462632712450965,0.0438222285949381,1736,1730.754,Cost Efficient - Potential Value,1,1
78,social media,9.546325667652964,0.1675922473559195,1812,1802.454,Low Value,1,0
79,paid advertising,30.450327213520207,0.0163414915688768,4540,4509.55,High Value - Standard Efficiency,4,4
80,email marketing,5.2462632712450965,0.0438222285949381,4586,4580.754,High Value - High Efficiency,5,5
81,social media,9.546325667652964,0.1675922473559195,800,790.454,Low Value,1,0
82,email marketing,5.2462632712450965,0.0438222285949381,2741,2735.754,Cost Efficient - Potential Value,1,1
83,email marketing,5.2462632712450965,0.0438222285949381,711,705.754,Cost Efficient - Potential Value,1,1
84,paid advertising,30.450327213520207,0.0163414915688768,3308,3277.55,Low Value,0,0
85,paid advertising,30.450327213520207,0.0163414915688768,4312,4281.55,High Value - Standard Efficiency,4,4
86,email marketing,5.2462632712450965,0.0438222285949381,3280,3274.754,Cost Efficient - Potential Value,1,1
87,social media,9.546325667652964,0.1675922473559195,3469,3459.454,Low Value,1,0
88,social media,9.546325667652964,0.1675922473559195,1487,1477.454,Low Value,1,0
89,paid advertising,30.450327213520207,0.0163414915688768,1771,1740.55,Low Value,0,0
90,paid advertising,30.450327213520207,0.0163414915688768,1364,1333.55,Low Value,0,0
91,email marketing,5.2462632712450965,0.0438222285949381,4302,4296.754,High Value - High Efficiency,5,5
92,email marketing,5.2462632712450965,0.0438222285949381,1874,1868.754,Cost Efficient - Potential Value,1,1
93,referral,8.320326732170223,0.1231449787166301,3453,3444.68,Low Value,0,0
94,email marketing,5.2462632712450965,0.0438222285949381,2933,2927.754,Cost Efficient - Potential Value,1,1
95,social media,9.546325667652964,0.1675922473559195,2987,2977.454,Low Value,1,0
96,referral,8.320326732170223,0.1231449787166301,3642,3633.68,Low Value,0,0
97,social media,9.546325667652964,0.1675922473559195,845,835.454,Low Value,1,0
98,paid advertising,30.450327213520207,0.0163414915688768,3809,3778.55,Low Value,0,0
99,email marketing,5.2462632712450965,0.0438222285949381,4947,4941.754,High Value - High Efficiency,5,5
100,email marketing,5.2462632712450965,0.0438222285949381,4539,4533.754,High Value - High Efficiency,5,5
101,social media,9.546325667652964,0.1675922473559195,1929,1919.454,Low Value,1,0
102,social media,9.546325667652964,0.1675922473559195,1174,1164.454,Low Value,1,0
103,email marketing,5.2462632712450965,0.0438222285949381,2574,2568.754,Cost Efficient - Potential Value,1,1
104,social media,9.546325667652964,0.1675922473559195,1499,1489.454,Low Value,1,0
105,social media,9.546325667652964,0.1675922473559195,4420,4410.454,High Value - Standard Efficiency,5,4
106,social media,9.546325667652964,0.1675922473559195,1411,1401.454,Low Value,1,0
107,email marketing,5.2462632712450965,0.0438222285949381,3338,3332.754,Cost Efficient - Potential Value,1,1
108,paid advertising,30.450327213520207,0.0163414915688768,1681,1650.55,Low Value,0,0
109,email marketing,5.2462632712450965,0.0438222285949381,3326,3320.754,Cost Efficient - Potential Value,1,1
110,referral,8.320326732170223,0.1231449787166301,558,549.68,Low Value,0,0
111,referral,8.320326732170223,0.1231449787166301,3953,3944.68,High Value - Standard Efficiency,4,4
112,referral,8.320326732170223,0.1231449787166301,3642,3633.68,Low Value,0,0
113,email marketing,5.2462632712450965,0.0438222285949381,1694,1688.754,Cost Efficient - Potential Value,1,1
114,referral,8.320326732170223,0.1231449787166301,3115,3106.68,Low Value,0,0
115,paid advertising,30.450327213520207,0.0163414915688768,4560,4529.55,High Value - Standard Efficiency,4,4
116,email marketing,5.2462632712450965,0.0438222285949381,3442,3436.754,Cost Efficient - Potential Value,1,1
117,social media,9.546325667652964,0.1675922473559195,4340,4330.454,High Value - Standard Efficiency,5,4
118,referral,8.320326732170223,0.1231449787166301,1919,1910.68,Low Value,0,0
119,paid advertising,30.450327213520207,0.0163414915688768,2695,2664.55,Low Value,0,0
120,paid advertising,30.450327213520207,0.0163414915688768,4134,4103.55,High Value - Standard Efficiency,4,4
121,paid advertising,30.450327213520207,0.0163414915688768,3951,3920.55,High Value - Standard Efficiency,4,4
122,email marketing,5.2462632712450965,0.0438222285949381,3474,3468.754,Cost Efficient - Potential Value,1,1
123,email marketing,5.2462632712450965,0.0438222285949381,730,724.754,Cost Efficient - Potential Value,1,1
124,referral,8.320326732170223,0.1231449787166301,3376,3367.68,Low Value,0,0
125,email marketing,5.2462632712450965,0.0438222285949381,1067,1061.754,Cost Efficient - Potential Value,1,1
126,email marketing,5.2462632712450965,0.0438222285949381,2723,2717.754,Cost Efficient - Potential Value,1,1
127,email marketing,5.2462632712450965,0.0438222285949381,1272,1266.754,Cost Efficient - Potential Value,1,1
128,paid advertising,30.450327213520207,0.0163414915688768,2800,2769.55,Low Value,0,0
129,paid advertising,30.450327213520207,0.0163414915688768,2389,2358.55,Low Value,0,0
130,email marketing,5.2462632712450965,0.0438222285949381,1988,1982.754,Cost Efficient - Potential Value,1,1
131,paid advertising,30.450327213520207,0.0163414915688768,912,881.55,Low Value,0,0
132,social media,9.546325667652964,0.1675922473559195,3149,3139.454,Low Value,1,0
133,email marketing,5.2462632712450965,0.0438222285949381,2624,2618.754,Cost Efficient - Potential Value,1,1
134,referral,8.320326732170223,0.1231449787166301,1429,1420.68,Low Value,0,0
135,referral,8.320326732170223,0.1231449787166301,4615,4606.68,High Value - Standard Efficiency,4,4
136,social media,9.546325667652964,0.1675922473559195,1809,1799.454,Low Value,1,0
137,email marketing,5.2462632712450965,0.0438222285949381,1528,1522.754,Cost Efficient - Potential Value,1,1
138,email marketing,5.2462632712450965,0.0438222285949381,2486,2480.754,Cost Efficient - Potential Value,1,1
139,paid advertising,30.450327213520207,0.0163414915688768,4854,4823.55,High Value - Standard Efficiency,4,4
140,paid advertising,30.450327213520207,0.0163414915688768,1722,1691.55,Low Value,0,0
141,referral,8.320326732170223,0.1231449787166301,4756,4747.68,High Value - Standard Efficiency,4,4
142,email marketing,5.2462632712450965,0.0438222285949381,755,749.754,Cost Efficient - Potential Value,1,1
143,social media,9.546325667652964,0.1675922473559195,3066,3056.454,Low Value,1,0
144,paid advertising,30.450327213520207,0.0163414915688768,2357,2326.55,Low Value,0,0
145,email marketing,5.2462632712450965,0.0438222285949381,3522,3516.754,Cost Efficient - Potential Value,1,1
146,social media,9.546325667652964,0.1675922473559195,4301,4291.454,High Value - Standard Efficiency,5,4
147,paid advertising,30.450327213520207,0.0163414915688768,3580,3549.55,Low Value,0,0
148,referral,8.320326732170223,0.1231449787166301,1960,1951.68,Low Value,0,0
149,social media,9.546325667652964,0.1675922473559195,1777,1767.454,Low Value,1,0
150,email marketing,5.2462632712450965,0.0438222285949381,2506,2500.754,Cost Efficient - Potential Value,1,1
151,social media,9.546325667652964,0.1675922473559195,4043,4033.454,High Value - Standard Efficiency,5,4
152,social media,9.546325667652964,0.1675922473559195,3966,3956.454,High Value - Standard Efficiency,5,4
153,email marketing,5.2462632712450965,0.0438222285949381,1023,1017.754,Cost Efficient - Potential Value,1,1
154,email marketing,5.2462632712450965,0.0438222285949381,4727,4721.754,High Value - High Efficiency,5,5
155,social media,9.546325667652964,0.1675922473559195,4647,4637.454,High Value - Standard Efficiency,5,4
156,social media,9.546325667652964,0.1675922473559195,2312,2302.454,Low Value,1,0
157,email marketing,5.2462632712450965,0.0438222285949381,2963,2957.754,Cost Efficient - Potential Value,1,1
158,email marketing,5.2462632712450965,0.0438222285949381,3803,3797.754,Cost Efficient - Potential Value,1,1
159,referral,8.320326732170223,0.1231449787166301,3433,3424.68,Low Value,0,0
160,email marketing,5.2462632712450965,0.0438222285949381,2894,2888.754,Cost Efficient - Potential Value,1,1
161,email marketing,5.2462632712450965,0.0438222285949381,918,912.754,Cost Efficient - Potential Value,1,1
162,social media,9.546325667652964,0.1675922473559195,1336,1326.454,Low Value,1,0
163,social media,9.546325667652964,0.1675922473559195,2688,2678.454,Low Value,1,0
164,social media,9.546325667652964,0.1675922473559195,2257,2247.454,Low Value,1,0
165,paid advertising,30.450327213520207,0.0163414915688768,3886,3855.55,High Value - Standard Efficiency,4,4
166,paid advertising,30.450327213520207,0.0163414915688768,4732,4701.55,High Value - Standard Efficiency,4,4
167,email marketing,5.2462632712450965,0.0438222285949381,3309,3303.754,Cost Efficient - Potential Value,1,1
168,paid advertising,30.450327213520207,0.0163414915688768,1268,1237.55,Low Value,0,0
169,email marketing,5.2462632712450965,0.0438222285949381,3677,3671.754,Cost Efficient - Potential Value,1,1
170,email marketing,5.2462632712450965,0.0438222285949381,3667,3661.754,Cost Efficient - Potential Value,1,1
171,referral,8.320326732170223,0.1231449787166301,2949,2940.68,Low Value,0,0
172,paid advertising,30.450327213520207,0.0163414915688768,3842,3811.55,High Value - Standard Efficiency,4,4
173,referral,8.320326732170223,0.1231449787166301,2357,2348.68,Low Value,0,0
174,referral,8.320326732170223,0.1231449787166301,4365,4356.68,High Value - Standard Efficiency,4,4
175,social media,9.546325667652964,0.1675922473559195,4235,4225.454,High Value - Standard Efficiency,5,4
176,paid advertising,30.450327213520207,0.0163414915688768,4947,4916.55,High Value - Standard Efficiency,4,4
177,email marketing,5.2462632712450965,0.0438222285949381,2906,2900.754,Cost Efficient - Potential Value,1,1
178,social media,9.546325667652964,0.1675922473559195,2823,2813.454,Low Value,1,0
179,paid advertising,30.450327213520207,0.0163414915688768,1249,1218.55,Low Value,0,0
180,referral,8.320326732170223,0.1231449787166301,3120,3111.68,Low Value,0,0
181,referral,8.320326732170223,0.1231449787166301,3886,3877.68,High Value - Standard Efficiency,4,4
182,paid advertising,30.450327213520207,0.0163414915688768,622,591.55,Low Value,0,0
183,social media,9.546325667652964,0.1675922473559195,3902,3892.454,High Value - Standard Efficiency,5,4
184,paid advertising,30.450327213520207,0.0163414915688768,1294,1263.55,Low Value,0,0
185,paid advertising,30.450327213520207,0.0163414915688768,2615,2584.55,Low Value,0,0
186,social media,9.546325667652964,0.1675922473559195,2715,2705.454,Low Value,1,0
187,referral,8.320326732170223,0.1231449787166301,4674,4665.68,High Value - Standard Efficiency,4,4
188,referral,8.320326732170223,0.1231449787166301,3879,3870.68,High Value - Standard Efficiency,4,4
189,referral,8.320326732170223,0.1231449787166301,1719,1710.68,Low Value,0,0
190,email marketing,5.2462632712450965,0.0438222285949381,1220,1214.754,Cost Efficient - Potential Value,1,1
191,social media,9.546325667652964,0.1675922473559195,3944,3934.454,High Value - Standard Efficiency,5,4
192,social media,9.546325667652964,0.1675922473559195,3267,3257.454,Low Value,1,0
193,referral,8.320326732170223,0.1231449787166301,2216,2207.68,Low Value,0,0
194,email marketing,5.2462632712450965,0.0438222285949381,3146,3140.754,Cost Efficient - Potential Value,1,1
195,email marketing,5.2462632712450965,0.0438222285949381,4728,4722.754,High Value - High Efficiency,5,5
196,paid advertising,30.450327213520207,0.0163414915688768,620,589.55,Low Value,0,0
197,referral,8.320326732170223,0.1231449787166301,1838,1829.68,Low Value,0,0
198,social media,9.546325667652964,0.1675922473559195,2723,2713.454,Low Value,1,0
199,email marketing,5.2462632712450965,0.0438222285949381,3180,3174.754,Cost Efficient - Potential Value,1,1
200,paid advertising,30.450327213520207,0.0163414915688768,2692,2661.55,Low Value,0,0
201,social media,9.546325667652964,0.1675922473559195,1638,1628.454,Low Value,1,0
202,paid advertising,30.450327213520207,0.0163414915688768,3037,3006.55,Low Value,0,0
203,paid advertising,30.450327213520207,0.0163414915688768,1357,1326.55,Low Value,0,0
204,email marketing,5.2462632712450965,0.0438222285949381,2510,2504.754,Cost Efficient - Potential Value,1,1
205,social media,9.546325667652964,0.1675922473559195,3360,3350.454,Low Value,1,0
206,referral,8.320326732170223,0.1231449787166301,1865,1856.68,Low Value,0,0
207,paid advertising,30.450327213520207,0.0163414915688768,1377,1346.55,Low Value,0,0
208,referral,8.320326732170223,0.1231449787166301,1275,1266.68,Low Value,0,0
209,referral,8.320326732170223,0.1231449787166301,1054,1045.68,Low Value,0,0
210,social media,9.546325667652964,0.1675922473559195,4266,4256.454,High Value - Standard Efficiency,5,4
211,email marketing,5.2462632712450965,0.0438222285949381,2201,2195.754,Cost Efficient - Potential Value,1,1
212,email marketing,5.2462632712450965,0.0438222285949381,800,794.754,Cost Efficient - Potential Value,1,1
213,social media,9.546325667652964,0.1675922473559195,791,781.454,Low Value,1,0
214,referral,8.320326732170223,0.1231449787166301,606,597.68,Low Value,0,0
215,social media,9.546325667652964,0.1675922473559195,2574,2564.454,Low Value,1,0
216,paid advertising,30.450327213520207,0.0163414915688768,4887,4856.55,High Value - Standard Efficiency,4,4
217,paid advertising,30.450327213520207,0.0163414915688768,3593,3562.55,Low Value,0,0
218,social media,9.546325667652964,0.1675922473559195,2979,2969.454,Low Value,1,0
219,referral,8.320326732170223,0.1231449787166301,620,611.68,Low Value,0,0
220,email marketing,5.2462632712450965,0.0438222285949381,3602,3596.754,Cost Efficient - Potential Value,1,1
221,referral,8.320326732170223,0.1231449787166301,1711,1702.68,Low Value,0,0
222,referral,8.320326732170223,0.1231449787166301,3062,3053.68,Low Value,0,0
223,email marketing,5.2462632712450965,0.0438222285949381,1760,1754.754,Cost Efficient - Potential Value,1,1
224,email marketing,5.2462632712450965,0.0438222285949381,3550,3544.754,Cost Efficient - Potential Value,1,1
225,social media,9.546325667652964,0.1675922473559195,2224,2214.454,Low Value,1,0
226,referral,8.320326732170223,0.1231449787166301,3306,3297.68,Low Value,0,0
227,referral,8.320326732170223,0.1231449787166301,1121,1112.68,Low Value,0,0
228,referral,8.320326732170223,0.1231449787166301,4872,4863.68,High Value - Standard Efficiency,4,4
229,social media,9.546325667652964,0.1675922473559195,2457,2447.454,Low Value,1,0
230,paid advertising,30.450327213520207,0.0163414915688768,1361,1330.55,Low Value,0,0
231,email marketing,5.2462632712450965,0.0438222285949381,1643,1637.754,Cost Efficient - Potential Value,1,1
232,referral,8.320326732170223,0.1231449787166301,3069,3060.68,Low Value,0,0
233,social media,9.546325667652964,0.1675922473559195,2962,2952.454,Low Value,1,0
234,email marketing,5.2462632712450965,0.0438222285949381,4504,4498.754,High Value - High Efficiency,5,5
235,paid advertising,30.450327213520207,0.0163414915688768,2058,2027.55,Low Value,0,0
236,referral,8.320326732170223,0.1231449787166301,4172,4163.68,High Value - Standard Efficiency,4,4
237,social media,9.546325667652964,0.1675922473559195,3105,3095.454,Low Value,1,0
238,referral,8.320326732170223,0.1231449787166301,2980,2971.68,Low Value,0,0
239,social media,9.546325667652964,0.1675922473559195,790,780.454,Low Value,1,0
240,referral,8.320326732170223,0.1231449787166301,2213,2204.68,Low Value,0,0
241,referral,8.320326732170223,0.1231449787166301,3270,3261.68,Low Value,0,0
242,email marketing,5.2462632712450965,0.0438222285949381,1644,1638.754,Cost Efficient - Potential Value,1,1
243,paid advertising,30.450327213520207,0.0163414915688768,1218,1187.55,Low Value,0,0
244,referral,8.320326732170223,0.1231449787166301,4162,4153.68,High Value - Standard Efficiency,4,4
245,paid advertising,30.450327213520207,0.0163414915688768,1467,1436.55,Low Value,0,0
246,email marketing,5.2462632712450965,0.0438222285949381,2079,2073.754,Cost Efficient - Potential Value,1,1
247,social media,9.546325667652964,0.1675922473559195,3729,3719.454,Low Value,1,0
248,referral,8.320326732170223,0.1231449787166301,4933,4924.68,High Value - Standard Efficiency,4,4
249,referral,8.320326732170223,0.1231449787166301,3428,3419.68,Low Value,0,0
250,email marketing,5.2462632712450965,0.0438222285949381,4940,4934.754,High Value - High Efficiency,5,5
251,paid advertising,30.450327213520207,0.0163414915688768,1303,1272.55,Low Value,0,0
252,paid advertising,30.450327213520207,0.0163414915688768,2736,2705.55,Low Value,0,0
253,social media,9.546325667652964,0.1675922473559195,3730,3720.454,Low Value,1,0
254,referral,8.320326732170223,0.1231449787166301,4994,4985.68,High Value - Standard Efficiency,4,4
255,paid advertising,30.450327213520207,0.0163414915688768,3754,3723.55,Low Value,0,0
256,paid advertising,30.450327213520207,0.0163414915688768,3139,3108.55,Low Value,0,0
257,email marketing,5.2462632712450965,0.0438222285949381,2490,2484.754,Cost Efficient - Potential Value,1,1
258,referral,8.320326732170223,0.1231449787166301,4212,4203.68,High Value - Standard Efficiency,4,4
259,email marketing,5.2462632712450965,0.0438222285949381,1314,1308.754,Cost Efficient - Potential Value,1,1
260,referral,8.320326732170223,0.1231449787166301,4632,4623.68,High Value - Standard Efficiency,4,4
261,referral,8.320326732170223,0.1231449787166301,966,957.68,Low Value,0,0
262,referral,8.320326732170223,0.1231449787166301,2729,2720.68,Low Value,0,0
263,social media,9.546325667652964,0.1675922473559195,1150,1140.454,Low Value,1,0
264,social media,9.546325667652964,0.1675922473559195,1453,1443.454,Low Value,1,0
265,paid advertising,30.450327213520207,0.0163414915688768,4469,4438.55,High Value - Standard Efficiency,4,4
266,email marketing,5.2462632712450965,0.0438222285949381,4742,4736.754,High Value - High Efficiency,5,5
267,paid advertising,30.450327213520207,0.0163414915688768,2230,2199.55,Low Value,0,0
268,referral,8.320326732170223,0.1231449787166301,4923,4914.68,High Value - Standard Efficiency,4,4
269,paid advertising,30.450327213520207,0.0163414915688768,4290,4259.55,High Value - Standard Efficiency,4,4
270,email marketing,5.2462632712450965,0.0438222285949381,1165,1159.754,Cost Efficient - Potential Value,1,1
271,email marketing,5.2462632712450965,0.0438222285949381,2176,2170.754,Cost Efficient - Potential Value,1,1
272,referral,8.320326732170223,0.1231449787166301,2116,2107.68,Low Value,0,0
273,referral,8.320326732170223,0.1231449787166301,3326,3317.68,Low Value,0,0
274,referral,8.320326732170223,0.1231449787166301,2139,2130.68,Low Value,0,0
275,email marketing,5.2462632712450965,0.0438222285949381,1237,1231.754,Cost Efficient - Potential Value,1,1
276,referral,8.320326732170223,0.1231449787166301,2322,2313.68,Low Value,0,0
277,referral,8.320326732170223,0.1231449787166301,1492,1483.68,Low Value,0,0
278,paid advertising,30.450327213520207,0.0163414915688768,1568,1537.55,Low Value,0,0
279,paid advertising,30.450327213520207,0.0163414915688768,3847,3816.55,High Value - Standard Efficiency,4,4
280,social media,9.546325667652964,0.1675922473559195,4720,4710.454,High Value - Standard Efficiency,5,4
281,referral,8.320326732170223,0.1231449787166301,3377,3368.68,Low Value,0,0
282,referral,8.320326732170223,0.1231449787166301,1171,1162.68,Low Value,0,0
283,referral,8.320326732170223,0.1231449787166301,4155,4146.68,High Value - Standard Efficiency,4,4
284,paid advertising,30.450327213520207,0.0163414915688768,3175,3144.55,Low Value,0,0
285,email marketing,5.2462632712450965,0.0438222285949381,3796,3790.754,Cost Efficient - Potential Value,1,1
286,referral,8.320326732170223,0.1231449787166301,2387,2378.68,Low Value,0,0
287,paid advertising,30.450327213520207,0.0163414915688768,1502,1471.55,Low Value,0,0
288,paid advertising,30.450327213520207,0.0163414915688768,1717,1686.55,Low Value,0,0
289,email marketing,5.2462632712450965,0.0438222285949381,4645,4639.754,High Value - High Efficiency,5,5
290,referral,8.320326732170223,0.1231449787166301,2086,2077.68,Low Value,0,0
291,social media,9.546325667652964,0.1675922473559195,2230,2220.454,Low Value,1,0
292,referral,8.320326732170223,0.1231449787166301,3315,3306.68,Low Value,0,0
293,email marketing,5.2462632712450965,0.0438222285949381,3397,3391.754,Cost Efficient - Potential Value,1,1
294,paid advertising,30.450327213520207,0.0163414915688768,3040,3009.55,Low Value,0,0
295,email marketing,5.2462632712450965,0.0438222285949381,3672,3666.754,Cost Efficient - Potential Value,1,1
296,referral,8.320326732170223,0.1231449787166301,1979,1970.68,Low Value,0,0
297,email marketing,5.2462632712450965,0.0438222285949381,923,917.754,Cost Efficient - Potential Value,1,1
298,social media,9.546325667652964,0.1675922473559195,753,743.454,Low Value,1,0
299,social media,9.546325667652964,0.1675922473559195,1089,1079.454,Low Value,1,0
300,paid advertising,30.450327213520207,0.0163414915688768,984,953.55,Low Value,0,0
301,email marketing,5.2462632712450965,0.0438222285949381,2749,2743.754,Cost Efficient - Potential Value,1,1
302,paid advertising,30.450327213520207,0.0163414915688768,4559,4528.55,High Value - Standard Efficiency,4,4
303,paid advertising,30.450327213520207,0.0163414915688768,905,874.55,Low Value,0,0
304,referral,8.320326732170223,0.1231449787166301,4517,4508.68,High Value - Standard Efficiency,4,4
305,social media,9.546325667652964,0.1675922473559195,2497,2487.454,Low Value,1,0
306,paid advertising,30.450327213520207,0.0163414915688768,3170,3139.55,Low Value,0,0
307,email marketing,5.2462632712450965,0.0438222285949381,3226,3220.754,Cost Efficient - Potential Value,1,1
308,paid advertising,30.450327213520207,0.0163414915688768,3975,3944.55,High Value - Standard Efficiency,4,4
309,email marketing,5.2462632712450965,0.0438222285949381,3436,3430.754,Cost Efficient - Potential Value,1,1
310,social media,9.546325667652964,0.1675922473559195,755,745.454,Low Value,1,0
311,social media,9.546325667652964,0.1675922473559195,3941,3931.454,High Value - Standard Efficiency,5,4
312,paid advertising,30.450327213520207,0.0163414915688768,3780,3749.55,Low Value,0,0
313,social media,9.546325667652964,0.1675922473559195,2974,2964.454,Low Value,1,0
314,referral,8.320326732170223,0.1231449787166301,849,840.68,Low Value,0,0
315,paid advertising,30.450327213520207,0.0163414915688768,3456,3425.55,Low Value,0,0
316,referral,8.320326732170223,0.1231449787166301,2219,2210.68,Low Value,0,0
317,social media,9.546325667652964,0.1675922473559195,4505,4495.454,High Value - Standard Efficiency,5,4
318,email marketing,5.2462632712450965,0.0438222285949381,4105,4099.754,High Value - High Efficiency,5,5
319,social media,9.546325667652964,0.1675922473559195,4575,4565.454,High Value - Standard Efficiency,5,4
320,email marketing,5.2462632712450965,0.0438222285949381,2164,2158.754,Cost Efficient - Potential Value,1,1
321,paid advertising,30.450327213520207,0.0163414915688768,1804,1773.55,Low Value,0,0
322,referral,8.320326732170223,0.1231449787166301,3092,3083.68,Low Value,0,0
323,social media,9.546325667652964,0.1675922473559195,4653,4643.454,High Value - Standard Efficiency,5,4
324,paid advertising,30.450327213520207,0.0163414915688768,3196,3165.55,Low Value,0,0
325,referral,8.320326732170223,0.1231449787166301,2661,2652.68,Low Value,0,0
326,referral,8.320326732170223,0.1231449787166301,3527,3518.68,Low Value,0,0
327,email marketing,5.2462632712450965,0.0438222285949381,2537,2531.754,Cost Efficient - Potential Value,1,1
328,social media,9.546325667652964,0.1675922473559195,2529,2519.454,Low Value,1,0
329,email marketing,5.2462632712450965,0.0438222285949381,3872,3866.754,High Value - High Efficiency,5,5
330,referral,8.320326732170223,0.1231449787166301,1608,1599.68,Low Value,0,0
331,referral,8.320326732170223,0.1231449787166301,2183,2174.68,Low Value,0,0
332,email marketing,5.2462632712450965,0.0438222285949381,3288,3282.754,Cost Efficient - Potential Value,1,1
333,referral,8.320326732170223,0.1231449787166301,1588,1579.68,Low Value,0,0
334,referral,8.320326732170223,0.1231449787166301,4318,4309.68,High Value - Standard Efficiency,4,4
335,email marketing,5.2462632712450965,0.0438222285949381,4956,4950.754,High Value - High Efficiency,5,5
336,social media,9.546325667652964,0.1675922473559195,2748,2738.454,Low Value,1,0
337,referral,8.320326732170223,0.1231449787166301,500,491.68,Low Value,0,0
338,email marketing,5.2462632712450965,0.0438222285949381,813,807.754,Cost Efficient - Potential Value,1,1
339,paid advertising,30.450327213520207,0.0163414915688768,3903,3872.55,High Value - Standard Efficiency,4,4
340,referral,8.320326732170223,0.1231449787166301,2881,2872.68,Low Value,0,0
341,social media,9.546325667652964,0.1675922473559195,3458,3448.454,Low Value,1,0
342,email marketing,5.2462632712450965,0.0438222285949381,4731,4725.754,High Value - High Efficiency,5,5
343,referral,8.320326732170223,0.1231449787166301,1280,1271.68,Low Value,0,0
344,referral,8.320326732170223,0.1231449787166301,838,829.68,Low Value,0,0
345,social media,9.546325667652964,0.1675922473559195,4032,4022.454,High Value - Standard Efficiency,5,4
346,email marketing,5.2462632712450965,0.0438222285949381,999,993.754,Cost Efficient - Potential Value,1,1
347,email marketing,5.2462632712450965,0.0438222285949381,3212,3206.754,Cost Efficient - Potential Value,1,1
348,social media,9.546325667652964,0.1675922473559195,2380,2370.454,Low Value,1,0
349,social media,9.546325667652964,0.1675922473559195,2155,2145.454,Low Value,1,0
350,referral,8.320326732170223,0.1231449787166301,1524,1515.68,Low Value,0,0
351,referral,8.320326732170223,0.1231449787166301,1248,1239.68,Low Value,0,0
352,social media,9.546325667652964,0.1675922473559195,2973,2963.454,Low Value,1,0
353,referral,8.320326732170223,0.1231449787166301,2245,2236.68,Low Value,0,0
354,referral,8.320326732170223,0.1231449787166301,2995,2986.68,Low Value,0,0
355,referral,8.320326732170223,0.1231449787166301,3613,3604.68,Low Value,0,0
356,social media,9.546325667652964,0.1675922473559195,3278,3268.454,Low Value,1,0
357,social media,9.546325667652964,0.1675922473559195,1090,1080.454,Low Value,1,0
358,social media,9.546325667652964,0.1675922473559195,2593,2583.454,Low Value,1,0
359,email marketing,5.2462632712450965,0.0438222285949381,3218,3212.754,Cost Efficient - Potential Value,1,1
360,paid advertising,30.450327213520207,0.0163414915688768,2242,2211.55,Low Value,0,0
361,referral,8.320326732170223,0.1231449787166301,3984,3975.68,High Value - Standard Efficiency,4,4
362,referral,8.320326732170223,0.1231449787166301,4951,4942.68,High Value - Standard Efficiency,4,4
363,social media,9.546325667652964,0.1675922473559195,4127,4117.454,High Value - Standard Efficiency,5,4
364,referral,8.320326732170223,0.1231449787166301,1194,1185.68,Low Value,0,0
365,referral,8.320326732170223,0.1231449787166301,3929,3920.68,High Value - Standard Efficiency,4,4
366,email marketing,5.2462632712450965,0.0438222285949381,2297,2291.754,Cost Efficient - Potential Value,1,1
367,referral,8.320326732170223,0.1231449787166301,4923,4914.68,High Value - Standard Efficiency,4,4
368,email marketing,5.2462632712450965,0.0438222285949381,3954,3948.754,High Value - High Efficiency,5,5
369,social media,9.546325667652964,0.1675922473559195,1293,1283.454,Low Value,1,0
370,email marketing,5.2462632712450965,0.0438222285949381,3573,3567.754,Cost Efficient - Potential Value,1,1
371,referral,8.320326732170223,0.1231449787166301,1451,1442.68,Low Value,0,0
372,email marketing,5.2462632712450965,0.0438222285949381,3625,3619.754,Cost Efficient - Potential Value,1,1
373,referral,8.320326732170223,0.1231449787166301,3806,3797.68,Low Value,0,0
374,social media,9.546325667652964,0.1675922473559195,1085,1075.454,Low Value,1,0
375,social media,9.546325667652964,0.1675922473559195,1267,1257.454,Low Value,1,0
376,paid advertising,30.450327213520207,0.0163414915688768,3875,3844.55,High Value - Standard Efficiency,4,4
377,paid advertising,30.450327213520207,0.0163414915688768,2949,2918.55,Low Value,0,0
378,referral,8.320326732170223,0.1231449787166301,2557,2548.68,Low Value,0,0
379,email marketing,5.2462632712450965,0.0438222285949381,3463,3457.754,Cost Efficient - Potential Value,1,1
380,email marketing,5.2462632712450965,0.0438222285949381,1670,1664.754,Cost Efficient - Potential Value,1,1
381,referral,8.320326732170223,0.1231449787166301,1163,1154.68,Low Value,0,0
382,social media,9.546325667652964,0.1675922473559195,1939,1929.454,Low Value,1,0
383,email marketing,5.2462632712450965,0.0438222285949381,2674,2668.754,Cost Efficient - Potential Value,1,1
384,social media,9.546325667652964,0.1675922473559195,1719,1709.454,Low Value,1,0
385,paid advertising,30.450327213520207,0.0163414915688768,3822,3791.55,Low Value,0,0
386,referral,8.320326732170223,0.1231449787166301,2424,2415.68,Low Value,0,0
387,referral,8.320326732170223,0.1231449787166301,2685,2676.68,Low Value,0,0
388,email marketing,5.2462632712450965,0.0438222285949381,2891,2885.754,Cost Efficient - Potential Value,1,1
389,paid advertising,30.450327213520207,0.0163414915688768,3947,3916.55,High Value - Standard Efficiency,4,4
390,social media,9.546325667652964,0.1675922473559195,2190,2180.454,Low Value,1,0
391,paid advertising,30.450327213520207,0.0163414915688768,1694,1663.55,Low Value,0,0
392,referral,8.320326732170223,0.1231449787166301,3857,3848.68,High Value - Standard Efficiency,4,4
393,paid advertising,30.450327213520207,0.0163414915688768,2531,2500.55,Low Value,0,0
394,social media,9.546325667652964,0.1675922473559195,549,539.454,Low Value,1,0
395,paid advertising,30.450327213520207,0.0163414915688768,4779,4748.55,High Value - Standard Efficiency,4,4
396,paid advertising,30.450327213520207,0.0163414915688768,1016,985.55,Low Value,0,0
397,paid advertising,30.450327213520207,0.0163414915688768,4460,4429.55,High Value - Standard Efficiency,4,4
398,paid advertising,30.450327213520207,0.0163414915688768,534,503.55,Low Value,0,0
399,social media,9.546325667652964,0.1675922473559195,829,819.454,Low Value,1,0
400,email marketing,5.2462632712450965,0.0438222285949381,1859,1853.754,Cost Efficient - Potential Value,1,1
401,email marketing,5.2462632712450965,0.0438222285949381,2064,2058.754,Cost Efficient - Potential Value,1,1
402,paid advertising,30.450327213520207,0.0163414915688768,3970,3939.55,High Value - Standard Efficiency,4,4
403,email marketing,5.2462632712450965,0.0438222285949381,4257,4251.754,High Value - High Efficiency,5,5
404,referral,8.320326732170223,0.1231449787166301,1303,1294.68,Low Value,0,0
405,referral,8.320326732170223,0.1231449787166301,3809,3800.68,Low Value,0,0
406,email marketing,5.2462632712450965,0.0438222285949381,4944,4938.754,High Value - High Efficiency,5,5
407,paid advertising,30.450327213520207,0.0163414915688768,4998,4967.55,High Value - Standard Efficiency,4,4
408,paid advertising,30.450327213520207,0.0163414915688768,1008,977.55,Low Value,0,0
409,referral,8.320326732170223,0.1231449787166301,2650,2641.68,Low Value,0,0
410,paid advertising,30.450327213520207,0.0163414915688768,3252,3221.55,Low Value,0,0
411,paid advertising,30.450327213520207,0.0163414915688768,4444,4413.55,High Value - Standard Efficiency,4,4
412,email marketing,5.2462632712450965,0.0438222285949381,2028,2022.754,Cost Efficient - Potential Value,1,1
413,paid advertising,30.450327213520207,0.0163414915688768,999,968.55,Low Value,0,0
414,email marketing,5.2462632712450965,0.0438222285949381,3444,3438.754,Cost Efficient - Potential Value,1,1
415,paid advertising,30.450327213520207,0.0163414915688768,2152,2121.55,Low Value,0,0
416,social media,9.546325667652964,0.1675922473559195,941,931.454,Low Value,1,0
417,social media,9.546325667652964,0.1675922473559195,1056,1046.454,Low Value,1,0
418,social media,9.546325667652964,0.1675922473559195,1111,1101.454,Low Value,1,0
419,email marketing,5.2462632712450965,0.0438222285949381,1335,1329.754,Cost Efficient - Potential Value,1,1
420,email marketing,5.2462632712450965,0.0438222285949381,1438,1432.754,Cost Efficient - Potential Value,1,1
421,social media,9.546325667652964,0.1675922473559195,1948,1938.454,Low Value,1,0
422,referral,8.320326732170223,0.1231449787166301,3315,3306.68,Low Value,0,0
423,email marketing,5.2462632712450965,0.0438222285949381,931,925.754,Cost Efficient - Potential Value,1,1
424,paid advertising,30.450327213520207,0.0163414915688768,3444,3413.55,Low Value,0,0
425,paid advertising,30.450327213520207,0.0163414915688768,4171,4140.55,High Value - Standard Efficiency,4,4
426,referral,8.320326732170223,0.1231449787166301,3974,3965.68,High Value - Standard Efficiency,4,4
427,referral,8.320326732170223,0.1231449787166301,3667,3658.68,Low Value,0,0
428,email marketing,5.2462632712450965,0.0438222285949381,1120,1114.754,Cost Efficient - Potential Value,1,1
429,paid advertising,30.450327213520207,0.0163414915688768,4598,4567.55,High Value - Standard Efficiency,4,4
430,email marketing,5.2462632712450965,0.0438222285949381,2415,2409.754,Cost Efficient - Potential Value,1,1
431,email marketing,5.2462632712450965,0.0438222285949381,1432,1426.754,Cost Efficient - Potential Value,1,1
432,referral,8.320326732170223,0.1231449787166301,4954,4945.68,High Value - Standard Efficiency,4,4
433,referral,8.320326732170223,0.1231449787166301,2824,2815.68,Low Value,0,0
434,email marketing,5.2462632712450965,0.0438222285949381,863,857.754,Cost Efficient - Potential Value,1,1
435,email marketing,5.2462632712450965,0.0438222285949381,4091,4085.754,High Value - High Efficiency,5,5
436,referral,8.320326732170223,0.1231449787166301,4338,4329.68,High Value - Standard Efficiency,4,4
437,paid advertising,30.450327213520207,0.0163414915688768,3273,3242.55,Low Value,0,0
438,email marketing,5.2462632712450965,0.0438222285949381,3742,3736.754,Cost Efficient - Potential Value,1,1
439,email marketing,5.2462632712450965,0.0438222285949381,4844,4838.754,High Value - High Efficiency,5,5
440,paid advertising,30.450327213520207,0.0163414915688768,2068,2037.55,Low Value,0,0
441,social media,9.546325667652964,0.1675922473559195,949,939.454,Low Value,1,0
442,social media,9.546325667652964,0.1675922473559195,3229,3219.454,Low Value,1,0
443,email marketing,5.2462632712450965,0.0438222285949381,1770,1764.754,Cost Efficient - Potential Value,1,1
444,social media,9.546325667652964,0.1675922473559195,608,598.454,Low Value,1,0
445,paid advertising,30.450327213520207,0.0163414915688768,1523,1492.55,Low Value,0,0
446,social media,9.546325667652964,0.1675922473559195,859,849.454,Low Value,1,0
447,paid advertising,30.450327213520207,0.0163414915688768,533,502.55,Low Value,0,0
448,email marketing,5.2462632712450965,0.0438222285949381,2762,2756.754,Cost Efficient - Potential Value,1,1
449,referral,8.320326732170223,0.1231449787166301,3639,3630.68,Low Value,0,0
450,referral,8.320326732170223,0.1231449787166301,578,569.68,Low Value,0,0
451,referral,8.320326732170223,0.1231449787166301,2589,2580.68,Low Value,0,0
452,social media,9.546325667652964,0.1675922473559195,1923,1913.454,Low Value,1,0
453,referral,8.320326732170223,0.1231449787166301,3722,3713.68,Low Value,0,0
454,referral,8.320326732170223,0.1231449787166301,2052,2043.68,Low Value,0,0
455,social media,9.546325667652964,0.1675922473559195,1835,1825.454,Low Value,1,0
456,social media,9.546325667652964,0.1675922473559195,2012,2002.454,Low Value,1,0
457,referral,8.320326732170223,0.1231449787166301,4493,4484.68,High Value - Standard Efficiency,4,4
458,referral,8.320326732170223,0.1231449787166301,3277,3268.68,Low Value,0,0
459,paid advertising,30.450327213520207,0.0163414915688768,3803,3772.55,Low Value,0,0
460,paid advertising,30.450327213520207,0.0163414915688768,510,479.55,Low Value,0,0
461,social media,9.546325667652964,0.1675922473559195,2211,2201.454,Low Value,1,0
462,paid advertising,30.450327213520207,0.0163414915688768,2648,2617.55,Low Value,0,0
463,email marketing,5.2462632712450965,0.0438222285949381,3732,3726.754,Cost Efficient - Potential Value,1,1
464,referral,8.320326732170223,0.1231449787166301,516,507.68,Low Value,0,0
465,referral,8.320326732170223,0.1231449787166301,2837,2828.68,Low Value,0,0
466,social media,9.546325667652964,0.1675922473559195,2003,1993.454,Low Value,1,0
467,referral,8.320326732170223,0.1231449787166301,983,974.68,Low Value,0,0
468,social media,9.546325667652964,0.1675922473559195,4044,4034.454,High Value - Standard Efficiency,5,4
469,email marketing,5.2462632712450965,0.0438222285949381,2624,2618.754,Cost Efficient - Potential Value,1,1
470,email marketing,5.2462632712450965,0.0438222285949381,2146,2140.754,Cost Efficient - Potential Value,1,1
471,paid advertising,30.450327213520207,0.0163414915688768,1976,1945.55,Low Value,0,0
472,referral,8.320326732170223,0.1231449787166301,3673,3664.68,Low Value,0,0
473,paid advertising,30.450327213520207,0.0163414915688768,2630,2599.55,Low Value,0,0
474,email marketing,5.2462632712450965,0.0438222285949381,2272,2266.754,Cost Efficient - Potential Value,1,1
475,paid advertising,30.450327213520207,0.0163414915688768,1659,1628.55,Low Value,0,0
476,paid advertising,30.450327213520207,0.0163414915688768,2244,2213.55,Low Value,0,0
477,social media,9.546325667652964,0.1675922473559195,4273,4263.454,High Value - Standard Efficiency,5,4
478,social media,9.546325667652964,0.1675922473559195,1571,1561.454,Low Value,1,0
479,referral,8.320326732170223,0.1231449787166301,2561,2552.68,Low Value,0,0
480,email marketing,5.2462632712450965,0.0438222285949381,3929,3923.754,High Value - High Efficiency,5,5
481,email marketing,5.2462632712450965,0.0438222285949381,2440,2434.754,Cost Efficient - Potential Value,1,1
482,referral,8.320326732170223,0.1231449787166301,4820,4811.68,High Value - Standard Efficiency,4,4
483,paid advertising,30.450327213520207,0.0163414915688768,2681,2650.55,Low Value,0,0
484,email marketing,5.2462632712450965,0.0438222285949381,2609,2603.754,Cost Efficient - Potential Value,1,1
485,email marketing,5.2462632712450965,0.0438222285949381,2975,2969.754,Cost Efficient - Potential Value,1,1
486,email marketing,5.2462632712450965,0.0438222285949381,3090,3084.754,Cost Efficient - Potential Value,1,1
487,email marketing,5.2462632712450965,0.0438222285949381,3543,3537.754,Cost Efficient - Potential Value,1,1
488,paid advertising,30.450327213520207,0.0163414915688768,3622,3591.55,Low Value,0,0
489,social media,9.546325667652964,0.1675922473559195,4118,4108.454,High Value - Standard Efficiency,5,4
490,paid advertising,30.450327213520207,0.0163414915688768,4511,4480.55,High Value - Standard Efficiency,4,4
491,email marketing,5.2462632712450965,0.0438222285949381,3165,3159.754,Cost Efficient - Potential Value,1,1
492,paid advertising,30.450327213520207,0.0163414915688768,2112,2081.55,Low Value,0,0
493,referral,8.320326732170223,0.1231449787166301,1850,1841.68,Low Value,0,0
494,social media,9.546325667652964,0.1675922473559195,4746,4736.454,High Value - Standard Efficiency,5,4
495,paid advertising,30.450327213520207,0.0163414915688768,956,925.55,Low Value,0,0
496,referral,8.320326732170223,0.1231449787166301,3630,3621.68,Low Value,0,0
497,email marketing,5.2462632712450965,0.0438222285949381,4427,4421.754,High Value - High Efficiency,5,5
498,referral,8.320326732170223,0.1231449787166301,1597,1588.68,Low Value,0,0
499,social media,9.546325667652964,0.1675922473559195,1412,1402.454,Low Value,1,0
500,referral,8.320326732170223,0.1231449787166301,3798,3789.68,Low Value,0,0
501,referral,8.320326732170223,0.1231449787166301,2759,2750.68,Low Value,0,0
502,paid advertising,30.450327213520207,0.0163414915688768,1474,1443.55,Low Value,0,0
503,paid advertising,30.450327213520207,0.0163414915688768,1206,1175.55,Low Value,0,0
504,social media,9.546325667652964,0.1675922473559195,3174,3164.454,Low Value,1,0
505,social media,9.546325667652964,0.1675922473559195,4931,4921.454,High Value - Standard Efficiency,5,4
506,paid advertising,30.450327213520207,0.0163414915688768,3643,3612.55,Low Value,0,0
507,email marketing,5.2462632712450965,0.0438222285949381,4603,4597.754,High Value - High Efficiency,5,5
508,paid advertising,30.450327213520207,0.0163414915688768,2132,2101.55,Low Value,0,0
509,email marketing,5.2462632712450965,0.0438222285949381,2900,2894.754,Cost Efficient - Potential Value,1,1
510,email marketing,5.2462632712450965,0.0438222285949381,4496,4490.754,High Value - High Efficiency,5,5
511,email marketing,5.2462632712450965,0.0438222285949381,4806,4800.754,High Value - High Efficiency,5,5
512,email marketing,5.2462632712450965,0.0438222285949381,3040,3034.754,Cost Efficient - Potential Value,1,1
513,paid advertising,30.450327213520207,0.0163414915688768,849,818.55,Low Value,0,0
514,social media,9.546325667652964,0.1675922473559195,871,861.454,Low Value,1,0
515,social media,9.546325667652964,0.1675922473559195,1079,1069.454,Low Value,1,0
516,social media,9.546325667652964,0.1675922473559195,3779,3769.454,Low Value,1,0
517,email marketing,5.2462632712450965,0.0438222285949381,2721,2715.754,Cost Efficient - Potential Value,1,1
518,paid advertising,30.450327213520207,0.0163414915688768,1397,1366.55,Low Value,0,0
519,referral,8.320326732170223,0.1231449787166301,3195,3186.68,Low Value,0,0
520,paid advertising,30.450327213520207,0.0163414915688768,2923,2892.55,Low Value,0,0
521,paid advertising,30.450327213520207,0.0163414915688768,2328,2297.55,Low Value,0,0
522,email marketing,5.2462632712450965,0.0438222285949381,1212,1206.754,Cost Efficient - Potential Value,1,1
523,email marketing,5.2462632712450965,0.0438222285949381,4098,4092.754,High Value - High Efficiency,5,5
524,social media,9.546325667652964,0.1675922473559195,3768,3758.454,Low Value,1,0
525,email marketing,5.2462632712450965,0.0438222285949381,4767,4761.754,High Value - High Efficiency,5,5
526,referral,8.320326732170223,0.1231449787166301,2525,2516.68,Low Value,0,0
527,paid advertising,30.450327213520207,0.0163414915688768,2490,2459.55,Low Value,0,0
528,referral,8.320326732170223,0.1231449787166301,1642,1633.68,Low Value,0,0
529,email marketing,5.2462632712450965,0.0438222285949381,3683,3677.754,Cost Efficient - Potential Value,1,1
530,referral,8.320326732170223,0.1231449787166301,4882,4873.68,High Value - Standard Efficiency,4,4
531,email marketing,5.2462632712450965,0.0438222285949381,3476,3470.754,Cost Efficient - Potential Value,1,1
532,social media,9.546325667652964,0.1675922473559195,4342,4332.454,High Value - Standard Efficiency,5,4
533,email marketing,5.2462632712450965,0.0438222285949381,545,539.754,Cost Efficient - Potential Value,1,1
534,referral,8.320326732170223,0.1231449787166301,2472,2463.68,Low Value,0,0
535,paid advertising,30.450327213520207,0.0163414915688768,3092,3061.55,Low Value,0,0
536,email marketing,5.2462632712450965,0.0438222285949381,4667,4661.754,High Value - High Efficiency,5,5
537,email marketing,5.2462632712450965,0.0438222285949381,2054,2048.754,Cost Efficient - Potential Value,1,1
538,paid advertising,30.450327213520207,0.0163414915688768,3320,3289.55,Low Value,0,0
539,referral,8.320326732170223,0.1231449787166301,1103,1094.68,Low Value,0,0
540,email marketing,5.2462632712450965,0.0438222285949381,2816,2810.754,Cost Efficient - Potential Value,1,1
541,referral,8.320326732170223,0.1231449787166301,2952,2943.68,Low Value,0,0
542,paid advertising,30.450327213520207,0.0163414915688768,4533,4502.55,High Value - Standard Efficiency,4,4
543,paid advertising,30.450327213520207,0.0163414915688768,3032,3001.55,Low Value,0,0
544,referral,8.320326732170223,0.1231449787166301,4080,4071.68,High Value - Standard Efficiency,4,4
545,referral,8.320326732170223,0.1231449787166301,3917,3908.68,High Value - Standard Efficiency,4,4
546,referral,8.320326732170223,0.1231449787166301,4568,4559.68,High Value - Standard Efficiency,4,4
547,paid advertising,30.450327213520207,0.0163414915688768,1592,1561.55,Low Value,0,0
548,referral,8.320326732170223,0.1231449787166301,3669,3660.68,Low Value,0,0
549,email marketing,5.2462632712450965,0.0438222285949381,4330,4324.754,High Value - High Efficiency,5,5
550,email marketing,5.2462632712450965,0.0438222285949381,2040,2034.754,Cost Efficient - Potential Value,1,1
551,social media,9.546325667652964,0.1675922473559195,4598,4588.454,High Value - Standard Efficiency,5,4
552,referral,8.320326732170223,0.1231449787166301,2128,2119.68,Low Value,0,0
553,social media,9.546325667652964,0.1675922473559195,4932,4922.454,High Value - Standard Efficiency,5,4
554,referral,8.320326732170223,0.1231449787166301,2060,2051.68,Low Value,0,0
555,social media,9.546325667652964,0.1675922473559195,4625,4615.454,High Value - Standard Efficiency,5,4
556,paid advertising,30.450327213520207,0.0163414915688768,4734,4703.55,High Value - Standard Efficiency,4,4
557,social media,9.546325667652964,0.1675922473559195,2766,2756.454,Low Value,1,0
558,paid advertising,30.450327213520207,0.0163414915688768,4055,4024.55,High Value - Standard Efficiency,4,4
559,referral,8.320326732170223,0.1231449787166301,3540,3531.68,Low Value,0,0
560,social media,9.546325667652964,0.1675922473559195,1207,1197.454,Low Value,1,0
561,paid advertising,30.450327213520207,0.0163414915688768,1758,1727.55,Low Value,0,0
562,email marketing,5.2462632712450965,0.0438222285949381,2757,2751.754,Cost Efficient - Potential Value,1,1
563,referral,8.320326732170223,0.1231449787166301,1302,1293.68,Low Value,0,0
564,email marketing,5.2462632712450965,0.0438222285949381,2410,2404.754,Cost Efficient - Potential Value,1,1
565,paid advertising,30.450327213520207,0.0163414915688768,2422,2391.55,Low Value,0,0
566,social media,9.546325667652964,0.1675922473559195,3471,3461.454,Low Value,1,0
567,social media,9.546325667652964,0.1675922473559195,4866,4856.454,High Value - Standard Efficiency,5,4
568,paid advertising,30.450327213520207,0.0163414915688768,4998,4967.55,High Value - Standard Efficiency,4,4
569,paid advertising,30.450327213520207,0.0163414915688768,3882,3851.55,High Value - Standard Efficiency,4,4
570,email marketing,5.2462632712450965,0.0438222285949381,2291,2285.754,Cost Efficient - Potential Value,1,1
571,email marketing,5.2462632712450965,0.0438222285949381,1268,1262.754,Cost Efficient - Potential Value,1,1
572,email marketing,5.2462632712450965,0.0438222285949381,545,539.754,Cost Efficient - Potential Value,1,1
573,email marketing,5.2462632712450965,0.0438222285949381,1267,1261.754,Cost Efficient - Potential Value,1,1
574,email marketing,5.2462632712450965,0.0438222285949381,4288,4282.754,High Value - High Efficiency,5,5
575,email marketing,5.2462632712450965,0.0438222285949381,1398,1392.754,Cost Efficient - Potential Value,1,1
576,paid advertising,30.450327213520207,0.0163414915688768,2826,2795.55,Low Value,0,0
577,email marketing,5.2462632712450965,0.0438222285949381,749,743.754,Cost Efficient - Potential Value,1,1
578,referral,8.320326732170223,0.1231449787166301,4603,4594.68,High Value - Standard Efficiency,4,4
579,social media,9.546325667652964,0.1675922473559195,1796,1786.454,Low Value,1,0
580,paid advertising,30.450327213520207,0.0163414915688768,3988,3957.55,High Value - Standard Efficiency,4,4
581,email marketing,5.2462632712450965,0.0438222285949381,1855,1849.754,Cost Efficient - Potential Value,1,1
582,paid advertising,30.450327213520207,0.0163414915688768,765,734.55,Low Value,0,0
583,referral,8.320326732170223,0.1231449787166301,1847,1838.68,Low Value,0,0
584,email marketing,5.2462632712450965,0.0438222285949381,1241,1235.754,Cost Efficient - Potential Value,1,1
585,email marketing,5.2462632712450965,0.0438222285949381,4624,4618.754,High Value - High Efficiency,5,5
586,referral,8.320326732170223,0.1231449787166301,2558,2549.68,Low Value,0,0
587,paid advertising,30.450327213520207,0.0163414915688768,3385,3354.55,Low Value,0,0
588,referral,8.320326732170223,0.1231449787166301,3508,3499.68,Low Value,0,0
589,paid advertising,30.450327213520207,0.0163414915688768,1518,1487.55,Low Value,0,0
590,email marketing,5.2462632712450965,0.0438222285949381,3097,3091.754,Cost Efficient - Potential Value,1,1
591,email marketing,5.2462632712450965,0.0438222285949381,1027,1021.754,Cost Efficient - Potential Value,1,1
592,paid advertising,30.450327213520207,0.0163414915688768,2528,2497.55,Low Value,0,0
593,referral,8.320326732170223,0.1231449787166301,3831,3822.68,High Value - Standard Efficiency,4,4
594,paid advertising,30.450327213520207,0.0163414915688768,2821,2790.55,Low Value,0,0
595,social media,9.546325667652964,0.1675922473559195,4698,4688.454,High Value - Standard Efficiency,5,4
596,social media,9.546325667652964,0.1675922473559195,3433,3423.454,Low Value,1,0
597,paid advertising,30.450327213520207,0.0163414915688768,1576,1545.55,Low Value,0,0
598,referral,8.320326732170223,0.1231449787166301,3989,3980.68,High Value - Standard Efficiency,4,4
599,email marketing,5.2462632712450965,0.0438222285949381,3395,3389.754,Cost Efficient - Potential Value,1,1
600,referral,8.320326732170223,0.1231449787166301,2745,2736.68,Low Value,0,0
601,social media,9.546325667652964,0.1675922473559195,2362,2352.454,Low Value,1,0
602,social media,9.546325667652964,0.1675922473559195,2179,2169.454,Low Value,1,0
603,referral,8.320326732170223,0.1231449787166301,2014,2005.68,Low Value,0,0
604,referral,8.320326732170223,0.1231449787166301,3982,3973.68,High Value - Standard Efficiency,4,4
605,referral,8.320326732170223,0.1231449787166301,3797,3788.68,Low Value,0,0
606,referral,8.320326732170223,0.1231449787166301,3509,3500.68,Low Value,0,0
607,paid advertising,30.450327213520207,0.0163414915688768,4905,4874.55,High Value - Standard Efficiency,4,4
608,email marketing,5.2462632712450965,0.0438222285949381,2098,2092.754,Cost Efficient - Potential Value,1,1
609,referral,8.320326732170223,0.1231449787166301,1140,1131.68,Low Value,0,0
610,social media,9.546325667652964,0.1675922473559195,2555,2545.454,Low Value,1,0
611,paid advertising,30.450327213520207,0.0163414915688768,3770,3739.55,Low Value,0,0
612,referral,8.320326732170223,0.1231449787166301,1899,1890.68,Low Value,0,0
613,email marketing,5.2462632712450965,0.0438222285949381,2604,2598.754,Cost Efficient - Potential Value,1,1
614,social media,9.546325667652964,0.1675922473559195,3597,3587.454,Low Value,1,0
615,social media,9.546325667652964,0.1675922473559195,1014,1004.454,Low Value,1,0
616,paid advertising,30.450327213520207,0.0163414915688768,2555,2524.55,Low Value,0,0
617,email marketing,5.2462632712450965,0.0438222285949381,3419,3413.754,Cost Efficient - Potential Value,1,1
618,social media,9.546325667652964,0.1675922473559195,1093,1083.454,Low Value,1,0
619,paid advertising,30.450327213520207,0.0163414915688768,3500,3469.55,Low Value,0,0
620,email marketing,5.2462632712450965,0.0438222285949381,1766,1760.754,Cost Efficient - Potential Value,1,1
621,paid advertising,30.450327213520207,0.0163414915688768,4600,4569.55,High Value - Standard Efficiency,4,4
622,social media,9.546325667652964,0.1675922473559195,4128,4118.454,High Value - Standard Efficiency,5,4
623,email marketing,5.2462632712450965,0.0438222285949381,3885,3879.754,High Value - High Efficiency,5,5
624,social media,9.546325667652964,0.1675922473559195,2580,2570.454,Low Value,1,0
625,email marketing,5.2462632712450965,0.0438222285949381,3111,3105.754,Cost Efficient - Potential Value,1,1
626,social media,9.546325667652964,0.1675922473559195,3904,3894.454,High Value - Standard Efficiency,5,4
627,referral,8.320326732170223,0.1231449787166301,1008,999.68,Low Value,0,0
628,paid advertising,30.450327213520207,0.0163414915688768,1661,1630.55,Low Value,0,0
629,email marketing,5.2462632712450965,0.0438222285949381,3100,3094.754,Cost Efficient - Potential Value,1,1
630,email marketing,5.2462632712450965,0.0438222285949381,2276,2270.754,Cost Efficient - Potential Value,1,1
631,paid advertising,30.450327213520207,0.0163414915688768,2435,2404.55,Low Value,0,0
632,paid advertising,30.450327213520207,0.0163414915688768,1491,1460.55,Low Value,0,0
633,social media,9.546325667652964,0.1675922473559195,3367,3357.454,Low Value,1,0
634,social media,9.546325667652964,0.1675922473559195,3991,3981.454,High Value - Standard Efficiency,5,4
635,referral,8.320326732170223,0.1231449787166301,1151,1142.68,Low Value,0,0
636,referral,8.320326732170223,0.1231449787166301,1313,1304.68,Low Value,0,0
637,referral,8.320326732170223,0.1231449787166301,3525,3516.68,Low Value,0,0
638,paid advertising,30.450327213520207,0.0163414915688768,4659,4628.55,High Value - Standard Efficiency,4,4
639,paid advertising,30.450327213520207,0.0163414915688768,4693,4662.55,High Value - Standard Efficiency,4,4
640,email marketing,5.2462632712450965,0.0438222285949381,500,494.754,Cost Efficient - Potential Value,1,1
641,social media,9.546325667652964,0.1675922473559195,2807,2797.454,Low Value,1,0
642,paid advertising,30.450327213520207,0.0163414915688768,2296,2265.55,Low Value,0,0
643,referral,8.320326732170223,0.1231449787166301,1549,1540.68,Low Value,0,0
644,email marketing,5.2462632712450965,0.0438222285949381,4735,4729.754,High Value - High Efficiency,5,5
645,referral,8.320326732170223,0.1231449787166301,3792,3783.68,Low Value,0,0
646,paid advertising,30.450327213520207,0.0163414915688768,4085,4054.55,High Value - Standard Efficiency,4,4
647,social media,9.546325667652964,0.1675922473559195,1370,1360.454,Low Value,1,0
648,paid advertising,30.450327213520207,0.0163414915688768,1253,1222.55,Low Value,0,0
649,paid advertising,30.450327213520207,0.0163414915688768,4649,4618.55,High Value - Standard Efficiency,4,4
650,paid advertising,30.450327213520207,0.0163414915688768,4910,4879.55,High Value - Standard Efficiency,4,4
651,email marketing,5.2462632712450965,0.0438222285949381,1208,1202.754,Cost Efficient - Potential Value,1,1
652,email marketing,5.2462632712450965,0.0438222285949381,3089,3083.754,Cost Efficient - Potential Value,1,1
653,referral,8.320326732170223,0.1231449787166301,1071,1062.68,Low Value,0,0
654,paid advertising,30.450327213520207,0.0163414915688768,3436,3405.55,Low Value,0,0
655,paid advertising,30.450327213520207,0.0163414915688768,3902,3871.55,High Value - Standard Efficiency,4,4
656,email marketing,5.2462632712450965,0.0438222285949381,684,678.754,Cost Efficient - Potential Value,1,1
657,paid advertising,30.450327213520207,0.0163414915688768,676,645.55,Low Value,0,0
658,referral,8.320326732170223,0.1231449787166301,1992,1983.68,Low Value,0,0
659,referral,8.320326732170223,0.1231449787166301,1214,1205.68,Low Value,0,0
660,paid advertising,30.450327213520207,0.0163414915688768,4171,4140.55,High Value - Standard Efficiency,4,4
661,social media,9.546325667652964,0.1675922473559195,4402,4392.454,High Value - Standard Efficiency,5,4
662,email marketing,5.2462632712450965,0.0438222285949381,2327,2321.754,Cost Efficient - Potential Value,1,1
663,social media,9.546325667652964,0.1675922473559195,4056,4046.454,High Value - Standard Efficiency,5,4
664,referral,8.320326732170223,0.1231449787166301,1176,1167.68,Low Value,0,0
665,paid advertising,30.450327213520207,0.0163414915688768,2777,2746.55,Low Value,0,0
666,referral,8.320326732170223,0.1231449787166301,1244,1235.68,Low Value,0,0
667,paid advertising,30.450327213520207,0.0163414915688768,2607,2576.55,Low Value,0,0
668,social media,9.546325667652964,0.1675922473559195,1173,1163.454,Low Value,1,0
669,social media,9.546325667652964,0.1675922473559195,519,509.454,Low Value,1,0
670,paid advertising,30.450327213520207,0.0163414915688768,4662,4631.55,High Value - Standard Efficiency,4,4
671,referral,8.320326732170223,0.1231449787166301,4332,4323.68,High Value - Standard Efficiency,4,4
672,referral,8.320326732170223,0.1231449787166301,2666,2657.68,Low Value,0,0
673,email marketing,5.2462632712450965,0.0438222285949381,2472,2466.754,Cost Efficient - Potential Value,1,1
674,social media,9.546325667652964,0.1675922473559195,736,726.454,Low Value,1,0
675,referral,8.320326732170223,0.1231449787166301,4085,4076.68,High Value - Standard Efficiency,4,4
676,referral,8.320326732170223,0.1231449787166301,1903,1894.68,Low Value,0,0
677,social media,9.546325667652964,0.1675922473559195,3916,3906.454,High Value - Standard Efficiency,5,4
678,paid advertising,30.450327213520207,0.0163414915688768,933,902.55,Low Value,0,0
679,social media,9.546325667652964,0.1675922473559195,2540,2530.454,Low Value,1,0
680,email marketing,5.2462632712450965,0.0438222285949381,1375,1369.754,Cost Efficient - Potential Value,1,1
681,paid advertising,30.450327213520207,0.0163414915688768,3862,3831.55,High Value - Standard Efficiency,4,4
682,paid advertising,30.450327213520207,0.0163414915688768,2849,2818.55,Low Value,0,0
683,social media,9.546325667652964,0.1675922473559195,3810,3800.454,Low Value,1,0
684,email marketing,5.2462632712450965,0.0438222285949381,1704,1698.754,Cost Efficient - Potential Value,1,1
685,referral,8.320326732170223,0.1231449787166301,4164,4155.68,High Value - Standard Efficiency,4,4
686,social media,9.546325667652964,0.1675922473559195,2680,2670.454,Low Value,1,0
687,paid advertising,30.450327213520207,0.0163414915688768,3036,3005.55,Low Value,0,0
688,referral,8.320326732170223,0.1231449787166301,2506,2497.68,Low Value,0,0
689,referral,8.320326732170223,0.1231449787166301,1004,995.68,Low Value,0,0
690,social media,9.546325667652964,0.1675922473559195,3512,3502.454,Low Value,1,0
691,social media,9.546325667652964,0.1675922473559195,3652,3642.454,Low Value,1,0
692,email marketing,5.2462632712450965,0.0438222285949381,1849,1843.754,Cost Efficient - Potential Value,1,1
693,paid advertising,30.450327213520207,0.0163414915688768,2198,2167.55,Low Value,0,0
694,email marketing,5.2462632712450965,0.0438222285949381,4062,4056.754,High Value - High Efficiency,5,5
695,paid advertising,30.450327213520207,0.0163414915688768,684,653.55,Low Value,0,0
696,referral,8.320326732170223,0.1231449787166301,2689,2680.68,Low Value,0,0
697,referral,8.320326732170223,0.1231449787166301,2857,2848.68,Low Value,0,0
698,email marketing,5.2462632712450965,0.0438222285949381,3363,3357.754,Cost Efficient - Potential Value,1,1
699,email marketing,5.2462632712450965,0.0438222285949381,3343,3337.754,Cost Efficient - Potential Value,1,1
700,email marketing,5.2462632712450965,0.0438222285949381,1344,1338.754,Cost Efficient - Potential Value,1,1
701,paid advertising,30.450327213520207,0.0163414915688768,4289,4258.55,High Value - Standard Efficiency,4,4
702,social media,9.546325667652964,0.1675922473559195,2058,2048.454,Low Value,1,0
703,email marketing,5.2462632712450965,0.0438222285949381,4350,4344.754,High Value - High Efficiency,5,5
704,email marketing,5.2462632712450965,0.0438222285949381,2898,2892.754,Cost Efficient - Potential Value,1,1
705,referral,8.320326732170223,0.1231449787166301,3751,3742.68,Low Value,0,0
706,email marketing,5.2462632712450965,0.0438222285949381,3657,3651.754,Cost Efficient - Potential Value,1,1
707,social media,9.546325667652964,0.1675922473559195,4228,4218.454,High Value - Standard Efficiency,5,4
708,social media,9.546325667652964,0.1675922473559195,4832,4822.454,High Value - Standard Efficiency,5,4
709,referral,8.320326732170223,0.1231449787166301,1464,1455.68,Low Value,0,0
710,paid advertising,30.450327213520207,0.0163414915688768,2333,2302.55,Low Value,0,0
711,email marketing,5.2462632712450965,0.0438222285949381,4027,4021.754,High Value - High Efficiency,5,5
712,social media,9.546325667652964,0.1675922473559195,702,692.454,Low Value,1,0
713,social media,9.546325667652964,0.1675922473559195,1855,1845.454,Low Value,1,0
714,referral,8.320326732170223,0.1231449787166301,2750,2741.68,Low Value,0,0
715,paid advertising,30.450327213520207,0.0163414915688768,3959,3928.55,High Value - Standard Efficiency,4,4
716,referral,8.320326732170223,0.1231449787166301,2362,2353.68,Low Value,0,0
717,paid advertising,30.450327213520207,0.0163414915688768,4354,4323.55,High Value - Standard Efficiency,4,4
718,referral,8.320326732170223,0.1231449787166301,1053,1044.68,Low Value,0,0
719,social media,9.546325667652964,0.1675922473559195,2755,2745.454,Low Value,1,0
720,email marketing,5.2462632712450965,0.0438222285949381,2195,2189.754,Cost Efficient - Potential Value,1,1
721,email marketing,5.2462632712450965,0.0438222285949381,513,507.754,Cost Efficient - Potential Value,1,1
722,email marketing,5.2462632712450965,0.0438222285949381,1638,1632.754,Cost Efficient - Potential Value,1,1
723,social media,9.546325667652964,0.1675922473559195,565,555.454,Low Value,1,0
724,referral,8.320326732170223,0.1231449787166301,3980,3971.68,High Value - Standard Efficiency,4,4
725,paid advertising,30.450327213520207,0.0163414915688768,2384,2353.55,Low Value,0,0
726,referral,8.320326732170223,0.1231449787166301,1825,1816.68,Low Value,0,0
727,social media,9.546325667652964,0.1675922473559195,4125,4115.454,High Value - Standard Efficiency,5,4
728,referral,8.320326732170223,0.1231449787166301,4237,4228.68,High Value - Standard Efficiency,4,4
729,email marketing,5.2462632712450965,0.0438222285949381,3519,3513.754,Cost Efficient - Potential Value,1,1
730,referral,8.320326732170223,0.1231449787166301,1388,1379.68,Low Value,0,0
731,email marketing,5.2462632712450965,0.0438222285949381,4750,4744.754,High Value - High Efficiency,5,5
732,social media,9.546325667652964,0.1675922473559195,4396,4386.454,High Value - Standard Efficiency,5,4
733,paid advertising,30.450327213520207,0.0163414915688768,4550,4519.55,High Value - Standard Efficiency,4,4
734,social media,9.546325667652964,0.1675922473559195,3233,3223.454,Low Value,1,0
735,paid advertising,30.450327213520207,0.0163414915688768,1002,971.55,Low Value,0,0
736,referral,8.320326732170223,0.1231449787166301,1704,1695.68,Low Value,0,0
737,social media,9.546325667652964,0.1675922473559195,681,671.454,Low Value,1,0
738,paid advertising,30.450327213520207,0.0163414915688768,3436,3405.55,Low Value,0,0
739,paid advertising,30.450327213520207,0.0163414915688768,808,777.55,Low Value,0,0
740,referral,8.320326732170223,0.1231449787166301,3520,3511.68,Low Value,0,0
741,social media,9.546325667652964,0.1675922473559195,3554,3544.454,Low Value,1,0
742,email marketing,5.2462632712450965,0.0438222285949381,1794,1788.754,Cost Efficient - Potential Value,1,1
743,paid advertising,30.450327213520207,0.0163414915688768,1348,1317.55,Low Value,0,0
744,referral,8.320326732170223,0.1231449787166301,3708,3699.68,Low Value,0,0
745,email marketing,5.2462632712450965,0.0438222285949381,1740,1734.754,Cost Efficient - Potential Value,1,1
746,email marketing,5.2462632712450965,0.0438222285949381,2026,2020.754,Cost Efficient - Potential Value,1,1
747,social media,9.546325667652964,0.1675922473559195,2257,2247.454,Low Value,1,0
748,referral,8.320326732170223,0.1231449787166301,1111,1102.68,Low Value,0,0
749,referral,8.320326732170223,0.1231449787166301,4778,4769.68,High Value - Standard Efficiency,4,4
750,email marketing,5.2462632712450965,0.0438222285949381,2428,2422.754,Cost Efficient - Potential Value,1,1
751,referral,8.320326732170223,0.1231449787166301,970,961.68,Low Value,0,0
752,social media,9.546325667652964,0.1675922473559195,4268,4258.454,High Value - Standard Efficiency,5,4
753,paid advertising,30.450327213520207,0.0163414915688768,4533,4502.55,High Value - Standard Efficiency,4,4
754,referral,8.320326732170223,0.1231449787166301,3531,3522.68,Low Value,0,0
755,paid advertising,30.450327213520207,0.0163414915688768,2007,1976.55,Low Value,0,0
756,social media,9.546325667652964,0.1675922473559195,4419,4409.454,High Value - Standard Efficiency,5,4
757,email marketing,5.2462632712450965,0.0438222285949381,4090,4084.754,High Value - High Efficiency,5,5
758,email marketing,5.2462632712450965,0.0438222285949381,4659,4653.754,High Value - High Efficiency,5,5
759,social media,9.546325667652964,0.1675922473559195,4264,4254.454,High Value - Standard Efficiency,5,4
760,social media,9.546325667652964,0.1675922473559195,2193,2183.454,Low Value,1,0
761,social media,9.546325667652964,0.1675922473559195,4468,4458.454,High Value - Standard Efficiency,5,4
762,email marketing,5.2462632712450965,0.0438222285949381,2996,2990.754,Cost Efficient - Potential Value,1,1
763,referral,8.320326732170223,0.1231449787166301,3601,3592.68,Low Value,0,0
764,email marketing,5.2462632712450965,0.0438222285949381,4647,4641.754,High Value - High Efficiency,5,5
765,referral,8.320326732170223,0.1231449787166301,4423,4414.68,High Value - Standard Efficiency,4,4
766,paid advertising,30.450327213520207,0.0163414915688768,3027,2996.55,Low Value,0,0
767,referral,8.320326732170223,0.1231449787166301,2970,2961.68,Low Value,0,0
768,email marketing,5.2462632712450965,0.0438222285949381,2027,2021.754,Cost Efficient - Potential Value,1,1
769,email marketing,5.2462632712450965,0.0438222285949381,4634,4628.754,High Value - High Efficiency,5,5
770,social media,9.546325667652964,0.1675922473559195,923,913.454,Low Value,1,0
771,social media,9.546325667652964,0.1675922473559195,2044,2034.454,Low Value,1,0
772,email marketing,5.2462632712450965,0.0438222285949381,607,601.754,Cost Efficient - Potential Value,1,1
773,paid advertising,30.450327213520207,0.0163414915688768,4902,4871.55,High Value - Standard Efficiency,4,4
774,social media,9.546325667652964,0.1675922473559195,2953,2943.454,Low Value,1,0
775,referral,8.320326732170223,0.1231449787166301,1597,1588.68,Low Value,0,0
776,social media,9.546325667652964,0.1675922473559195,4178,4168.454,High Value - Standard Efficiency,5,4
777,referral,8.320326732170223,0.1231449787166301,1190,1181.68,Low Value,0,0
778,email marketing,5.2462632712450965,0.0438222285949381,3694,3688.754,Cost Efficient - Potential Value,1,1
779,paid advertising,30.450327213520207,0.0163414915688768,4217,4186.55,High Value - Standard Efficiency,4,4
780,social media,9.546325667652964,0.1675922473559195,3818,3808.454,Low Value,1,0
781,referral,8.320326732170223,0.1231449787166301,3236,3227.68,Low Value,0,0
782,email marketing,5.2462632712450965,0.0438222285949381,3376,3370.754,Cost Efficient - Potential Value,1,1
783,email marketing,5.2462632712450965,0.0438222285949381,4306,4300.754,High Value - High Efficiency,5,5
784,referral,8.320326732170223,0.1231449787166301,3620,3611.68,Low Value,0,0
785,email marketing,5.2462632712450965,0.0438222285949381,3122,3116.754,Cost Efficient - Potential Value,1,1
786,email marketing,5.2462632712450965,0.0438222285949381,2583,2577.754,Cost Efficient - Potential Value,1,1
787,social media,9.546325667652964,0.1675922473559195,3017,3007.454,Low Value,1,0
788,email marketing,5.2462632712450965,0.0438222285949381,4401,4395.754,High Value - High Efficiency,5,5
789,email marketing,5.2462632712450965,0.0438222285949381,2336,2330.754,Cost Efficient - Potential Value,1,1
790,referral,8.320326732170223,0.1231449787166301,1828,1819.68,Low Value,0,0
791,social media,9.546325667652964,0.1675922473559195,3049,3039.454,Low Value,1,0
792,email marketing,5.2462632712450965,0.0438222285949381,1492,1486.754,Cost Efficient - Potential Value,1,1
793,social media,9.546325667652964,0.1675922473559195,1454,1444.454,Low Value,1,0
794,paid advertising,30.450327213520207,0.0163414915688768,4947,4916.55,High Value - Standard Efficiency,4,4
795,social media,9.546325667652964,0.1675922473559195,4509,4499.454,High Value - Standard Efficiency,5,4
796,social media,9.546325667652964,0.1675922473559195,2813,2803.454,Low Value,1,0
797,email marketing,5.2462632712450965,0.0438222285949381,3439,3433.754,Cost Efficient - Potential Value,1,1
798,social media,9.546325667652964,0.1675922473559195,2101,2091.454,Low Value,1,0
799,paid advertising,30.450327213520207,0.0163414915688768,813,782.55,Low Value,0,0
800,email marketing,5.2462632712450965,0.0438222285949381,4820,4814.754,High Value - High Efficiency,5,5
